id_profile,id_label
0,1062
0,659
0,1
0,422
0,1931
0,553
0,54
0,268
0,7
0,105
0,1080
0,31
1,17
1,322
1,143
1,203
2,1
2,36
2,127
2,43
2,207
2,631
2,837
2,1829
2,384
2,461
2,48
2,390
2,484
2,176
2,2127
2,3
2,98
2,1754
2,910
2,1152
2,81
2,153
3,150
3,87
3,602
3,19
3,145
3,82
4,122
4,1113
4,392
4,366
4,1225
4,586
4,239
4,508
4,1694
4,67
4,2081
4,980
4,71
5,22
5,100
5,195
5,1
5,52
5,36
6,2
6,14
6,337
6,18
6,3
6,114
6,103
6,1173
7,3
7,0
7,1289
7,423
7,114
7,155
7,614
7,141
8,18
8,42
8,128
8,237
9,20
9,310
9,170
9,117
10,9
10,314
10,447
10,271
10,421
10,358
10,193
10,128
10,19
10,24
10,555
10,752
10,46
10,69
11,205
11,42
11,55
11,347
11,127
12,261
12,230
13,1013
13,34
13,66
13,337
13,1960
14,5
14,0
14,1289
14,108
14,193
14,337
14,52
15,1228
15,1268
15,731
16,38
16,27
16,153
16,758
16,2
17,553
17,6
17,844
17,1
17,43
17,2
17,4
17,845
17,1931
17,150
17,1667
17,194
17,1296
17,41
17,521
18,0
18,1289
18,108
18,1
18,640
18,34
18,193
18,194
18,1298
18,1416
18,57
18,99
18,120
18,752
18,454
18,749
19,881
19,35
19,1
19,153
19,204
19,910
19,166
19,109
19,4
19,43
19,30
20,2
20,73
20,22
20,100
20,388
20,114
21,30
21,108
21,36
22,43
22,120
22,625
22,1
22,501
22,19
22,11
22,25
22,48
22,18
22,352
22,251
23,269
23,3
23,115
23,8
23,18
23,19
23,34
23,1871
24,23
24,45
24,639
24,217
25,201
25,176
25,2127
25,2
25,27
25,388
25,337
25,114
26,20
26,310
26,642
26,529
26,1
26,608
26,82
27,3
27,1
27,400
27,690
27,34
27,438
27,363
27,114
27,168
27,48
28,53
28,31
28,0
28,1289
28,1603
29,7
29,73
29,24
29,176
29,2127
29,215
30,27
30,337
30,2
30,388
30,201
30,1541
30,214
31,46
31,176
31,2127
31,19
31,1
32,545
33,115
33,242
33,3
33,19
33,9
33,317
33,593
34,1
34,70
34,4
34,95
35,41
35,521
35,87
35,602
35,22
36,2
36,34
36,58
37,201
37,144
37,893
38,20
38,295
38,81
38,1
38,7
38,298
38,559
39,314
39,469
39,259
39,1960
39,34
39,0
39,1289
40,1383
40,314
40,9
40,40
41,8
41,27
41,3
41,43
41,37
42,24
42,206
42,1453
43,1002
43,553
43,98
43,62
43,381
44,165
44,120
44,448
44,0
44,1289
45,733
45,19
45,34
45,360
45,41
45,521
45,69
45,1
46,11
47,18
47,929
47,989
47,981
47,263
48,20
48,642
48,1
48,559
49,658
49,76
50,30
50,107
51,268
51,18
52,1124
52,1691
52,9
52,593
52,0
52,1289
52,1281
52,120
53,719
53,939
53,6
53,18
53,43
54,145
54,31
54,1
54,1296
54,32
54,34
55,40
55,5
55,30
55,1296
55,281
56,979
57,13
58,556
58,34
58,718
58,2
58,27
58,1939
59,304
59,114
59,155
59,36
60,2068
60,34
60,73
61,122
61,67
61,80
61,1113
61,76
61,392
61,366
61,811
62,51
62,2
63,111
63,230
63,479
63,261
64,268
64,4
64,220
65,201
65,2
65,34
65,49
65,27
66,593
66,155
66,0
66,1289
66,34
66,606
66,1416
66,652
66,2072
66,393
67,483
67,0
67,1289
67,1191
67,66
67,53
67,1383
68,487
68,215
68,7
68,229
68,47
68,1080
68,208
68,317
69,12
69,57
70,103
71,9
71,1416
71,0
71,1289
71,593
72,1895
72,32
72,105
72,1
72,845
72,70
72,388
73,306
73,474
73,18
73,43
73,932
73,19
73,59
73,41
73,521
73,14
73,427
74,337
74,201
74,2
74,27
75,453
75,25
75,58
75,115
75,787
75,593
75,2
76,34
76,293
76,659
77,15
77,22
77,18
77,7
77,19
77,1
77,30
77,555
78,206
78,24
78,329
78,237
78,482
78,742
78,254
78,57
78,120
78,128
78,8
78,1362
79,19
79,43
79,124
79,9
79,195
79,0
79,1289
80,44
80,560
80,133
81,389
81,9
81,1416
81,21
81,0
81,1289
82,1
82,61
82,4
82,109
83,1522
84,42
84,282
84,669
84,666
84,136
85,479
85,927
85,1939
85,723
86,34
86,63
86,337
86,5
86,150
86,403
86,438
86,1296
86,1383
87,167
87,0
87,1289
87,99
88,388
89,186
89,2080
89,131
89,1667
90,85
90,45
90,135
90,221
91,900
91,389
92,1
92,593
93,1
93,182
93,108
93,109
93,30
93,34
93,553
93,910
93,16
93,220
93,311
94,94
94,306
94,1403
94,363
95,91
95,6
95,87
95,602
95,41
95,521
95,342
95,98
95,252
95,34
96,238
96,872
96,517
96,18
96,8
96,638
96,1040
97,306
97,616
97,3
97,1
97,4
97,44
97,925
97,1382
97,1426
98,265
99,0
99,1289
99,165
99,53
99,5
99,1383
100,123
100,1256
100,23
100,95
101,102
101,12
102,41
102,521
102,72
102,306
102,70
102,616
102,146
102,23
102,44
103,158
103,253
104,9
104,19
104,264
105,59
106,989
106,639
106,133
106,616
106,15
106,18
106,786
107,1383
107,5
107,66
107,124
107,0
107,1289
107,749
108,430
108,492
110,257
110,1233
110,5
110,1416
112,1432
112,483
112,53
112,40
112,257
112,1233
112,5
113,45
114,175
114,201
114,862
115,30
115,271
115,535
115,523
116,43
116,30
116,19
116,1110
117,2
117,206
117,1
117,3
117,504
117,114
117,606
118,81
118,24
118,52
118,529
119,735
119,205
119,158
119,3
119,109
119,141
119,361
119,155
119,2197
119,250
119,324
119,221
119,48
119,363
119,1177
119,98
119,400
119,239
119,1798
120,306
121,60
122,591
122,155
122,19
122,44
122,168
123,1080
123,54
123,221
123,220
123,19
124,27
124,63
124,1356
124,1580
125,7
125,229
125,856
125,120
125,593
125,150
125,128
125,82
125,9
126,19
126,22
126,58
126,41
126,521
126,51
126,662
126,6
126,926
126,16
126,504
127,12
128,336
128,185
128,192
128,110
128,721
128,1858
128,1243
128,198
129,9
129,176
129,2127
129,195
129,24
129,358
129,57
130,1383
130,9
130,0
130,1289
130,34
131,331
131,72
131,178
131,146
132,30
132,46
132,438
132,1
132,176
132,2127
132,87
132,602
133,19
133,168
133,57
133,22
133,120
133,2
133,1188
133,69
133,159
133,268
133,176
133,2127
133,684
133,1293
134,211
134,404
134,256
134,996
134,851
135,3
135,735
135,98
135,614
135,114
135,8
136,3
137,183
137,0
137,1289
137,1432
137,193
137,120
137,593
138,7
138,100
138,1722
138,4
138,358
139,19
139,191
139,17
139,18
140,42
140,176
140,2127
140,24
140,299
140,319
140,1297
141,593
142,520
142,605
142,616
142,45
142,490
142,362
143,2197
143,180
143,158
143,1690
144,2034
144,2
144,49
144,471
144,777
145,929
145,155
146,306
146,556
146,648
146,1
146,118
146,1268
147,1416
147,1691
147,5
147,593
147,93
147,1374
147,9
147,165
147,454
147,0
147,1289
148,1
148,735
148,44
148,195
148,155
148,6
148,22
149,109
151,571
151,502
152,1266
152,373
152,43
152,1685
153,1383
154,187
154,260
154,616
154,750
154,1382
155,162
155,6
155,3
155,13
155,153
155,650
155,64
155,300
155,594
155,1601
155,98
155,1862
155,155
155,246
155,545
156,83
156,610
156,16
157,72
157,728
157,11
157,1755
157,141
157,568
157,164
157,98
157,941
158,1
159,11
159,34
159,263
159,592
159,25
159,246
159,8
159,1263
159,155
159,313
159,300
159,38
159,3
159,207
159,631
159,837
159,1829
159,94
160,6
161,34
161,364
161,337
161,66
161,9
161,1
162,192
162,492
162,28
162,83
163,361
163,3
163,205
163,426
163,36
163,0
163,1289
164,1
165,1432
165,900
165,1296
165,69
166,492
166,556
166,2
166,201
166,1978
166,1939
167,149
167,223
167,1905
167,229
167,1296
167,249
167,563
168,69
168,15
169,301
169,550
169,1243
169,2
169,164
170,7
170,22
170,358
170,553
171,19
171,223
171,1
171,52
171,251
172,192
172,2
172,553
172,34
172,503
173,254
173,18
173,42
173,159
174,1177
174,62
174,381
175,340
175,268
175,133
175,18
176,32
176,1100
176,342
176,58
176,34
177,201
177,301
177,337
177,34
177,103
178,176
178,2127
179,764
179,1931
179,69
180,663
181,7
181,22
181,2
181,358
181,83
181,196
182,135
182,73
182,229
182,1
182,43
182,128
182,277
182,779
183,165
184,22
184,42
184,87
184,602
184,34
184,101
184,348
184,163
184,69
185,117
185,163
186,318
186,139
186,1662
186,723
186,1685
186,1394
187,603
187,24
187,616
187,18
187,17
188,353
188,201
188,49
188,27
189,474
189,422
189,1
189,105
189,593
190,1859
190,2063
190,108
190,0
190,1289
190,30
190,9
191,118
192,116
193,269
193,19
193,6
194,65
195,130
195,16
195,185
195,248
195,470
195,411
195,654
195,50
195,563
195,438
195,178
195,671
195,28
195,731
196,9
196,1383
196,46
197,191
197,15
198,1223
198,423
198,44
198,187
198,1426
199,60
200,163
200,272
200,159
202,1960
203,555
203,24
203,317
204,125
204,681
205,0
205,1289
205,435
205,188
205,294
205,21
205,8
205,64
205,66
205,649
205,124
205,200
206,364
207,929
207,271
207,1
207,44
207,50
207,17
208,531
208,9
208,364
208,115
209,124
210,23
211,291
211,963
211,203
211,34
211,42
212,155
213,7
213,22
213,215
213,229
213,208
214,270
214,172
215,910
215,1000
215,166
215,1
216,43
216,41
216,521
216,121
216,208
216,23
216,608
216,1080
216,223
216,44
216,19
216,1095
216,268
216,1874
217,25
217,1432
219,79
220,308
220,3
220,195
220,423
220,114
220,81
220,1469
221,619
221,2
222,2118
222,545
223,1453
223,24
223,254
223,662
223,159
224,17
224,18
225,3
225,338
225,989
225,593
225,18
225,409
225,48
225,36
226,128
226,206
227,1281
227,161
227,968
227,136
227,702
228,206
228,42
228,1370
228,17
228,87
228,602
228,742
228,196
228,702
228,2
228,278
228,24
228,451
228,1013
228,775
229,1432
230,124
230,749
230,108
230,93
230,1374
230,0
230,1289
230,281
230,30
231,73
232,0
232,1289
232,21
232,124
232,9
232,876
232,34
233,22
233,335
234,7
234,553
234,1080
235,86
236,212
236,811
236,13
237,0
237,1289
237,8
237,66
237,34
237,1263
237,147
237,57
237,281
238,201
238,49
238,301
238,27
239,73
239,123
239,189
239,485
239,1726
240,43
240,3
240,57
240,52
241,389
241,5
241,31
241,421
241,1383
241,63
241,337
241,0
241,1289
241,193
241,38
241,34
241,403
242,165
243,121
243,1688
243,7
243,1080
244,1
244,1667
244,22
244,159
244,805
245,250
245,40
245,749
246,72
246,362
246,518
246,523
246,1
246,164
246,622
246,1177
246,249
246,23
246,1685
247,652
247,31
247,34
247,294
247,0
247,1289
247,64
247,56
247,8
247,1388
247,9
247,3
247,63
247,200
247,143
247,93
247,1374
247,1070
247,112
247,74
247,435
247,342
247,660
247,100
247,403
247,378
247,52
247,454
247,78
247,142
247,1531
247,1812
247,1217
247,21
247,1177
247,442
248,855
248,1980
248,1772
248,214
249,13
250,220
250,173
251,91
251,7
251,252
251,34
252,350
252,87
252,602
252,795
252,171
252,229
252,1150
252,18
252,1080
252,1
253,1598
253,1112
253,477
253,177
253,5
254,81
254,1
254,46
254,42
254,52
254,1627
254,259
255,1184
256,1
256,33
256,244
257,487
257,34
257,254
258,384
258,42
258,101
258,348
258,358
259,19
259,8
259,43
259,555
259,1625
259,268
259,759
259,368
259,305
259,9
260,3
260,17
260,44
261,1388
261,0
261,1289
261,204
262,926
262,26
262,18
262,8
263,3
264,28
264,681
264,2198
265,71
265,345
266,20
266,1625
266,82
266,23
267,101
267,348
267,104
267,31
267,997
267,442
268,10
268,1
269,290
269,44
269,711
269,346
269,634
270,7
270,2
270,593
271,557
271,553
272,5
272,502
272,40
273,1177
274,16
274,1874
275,158
275,72
275,1403
275,1690
275,253
275,363
276,0
276,1289
276,40
276,8
276,281
276,64
276,378
276,124
276,5
276,21
276,30
276,1098
277,90
277,155
277,62
277,381
277,217
277,18
277,6
278,33
278,1688
278,887
278,731
279,3
279,345
279,1
279,338
279,1237
279,566
279,114
279,438
279,1403
279,34
279,44
280,1674
280,104
281,40
281,9
282,33
282,215
282,1
282,121
283,115
283,46
283,34
284,86
284,140
284,632
284,999
285,1432
285,483
286,31
286,0
286,1289
286,99
286,107
286,56
286,40
286,104
286,93
286,1374
286,386
286,468
287,12
287,57
287,64
287,545
287,112
287,3
287,1402
287,25
287,1292
288,0
288,1289
288,112
288,31
288,526
288,128
288,40
288,137
288,101
288,348
288,99
288,6
288,9
288,497
288,176
288,2127
288,108
289,13
289,141
289,64
289,143
290,220
290,2
290,19
290,27
290,127
291,1918
291,580
292,46
292,34
292,1127
292,176
292,2127
292,171
292,31
292,30
293,2143
294,193
294,30
294,1
294,9
294,1199
295,217
296,31
296,555
297,581
297,5
297,9
297,88
297,56
297,57
297,107
297,21
297,142
297,0
297,1289
297,93
297,1374
297,74
297,64
297,248
298,11
298,268
298,48
298,25
298,73
299,16
299,184
299,44
299,1
299,306
300,271
300,113
301,149
301,1905
301,229
301,1296
301,249
302,749
302,6
302,274
302,205
302,443
302,9
302,1
302,268
302,25
302,90
303,42
304,142
304,18
304,124
304,1432
305,355
305,2
306,1047
306,23
306,1
307,81
307,19
308,73
308,17
308,246
308,4
308,306
308,65
308,15
308,46
308,1443
308,69
309,391
310,120
310,129
310,1236
310,129
310,1236
311,50
311,306
311,63
311,1047
311,1013
311,155
311,124
311,158
311,69
311,272
311,593
311,3
311,1
311,41
311,521
311,73
311,2161
312,1653
312,15
312,3
312,1627
312,155
313,990
313,56
313,52
314,7
314,1193
315,323
315,233
315,258
315,204
315,4
315,415
315,32
315,23
315,171
315,320
315,336
315,878
315,164
315,1467
316,239
316,1113
316,122
316,80
317,329
317,1073
317,842
317,1650
317,622
318,42
318,24
319,157
319,333
320,158
320,345
320,361
320,71
321,165
321,593
321,1960
322,152
322,1781
322,937
323,8
323,6
324,207
324,631
324,837
324,1829
324,598
325,1492
325,252
325,194
325,358
325,1905
326,9
327,39
328,318
328,281
328,500
328,32
328,563
329,531
329,591
329,268
329,1296
329,19
330,905
330,58
330,160
330,0
330,1289
330,192
330,553
330,83
330,732
331,270
331,172
332,1546
332,87
332,602
333,1383
333,900
333,257
333,1233
333,593
333,40
333,1960
333,5
333,358
334,14
334,37
334,4
334,15
334,133
334,720
334,277
334,44
334,790
334,61
335,422
335,7
335,2
335,553
335,1931
336,362
336,1223
336,59
337,109
337,298
337,1
337,1852
338,215
338,1080
338,82
339,69
339,17
339,66
339,593
340,158
340,71
341,96
341,255
341,1978
341,138
342,5
342,0
342,1289
342,9
342,124
342,151
342,21
342,93
342,1374
342,1093
342,1661
342,142
342,183
342,74
342,801
342,8
343,972
343,143
343,98
344,1092
344,201
344,403
344,2
345,259
345,1
346,337
346,1
348,22
348,665
348,57
348,281
349,1
350,105
350,390
350,484
350,390
350,484
350,698
351,507
351,2
351,164
351,125
351,676
352,1
352,155
352,346
352,579
352,1177
352,3
353,532
353,2186
353,524
353,1081
353,187
354,0
354,1289
354,6
354,104
354,66
354,9
355,16
355,83
356,46
356,9
356,0
356,1289
356,171
356,593
356,36
356,19
356,940
357,364
357,124
357,165
358,1818
358,1513
358,1685
358,50
359,231
359,989
359,90
359,46
360,69
360,8
361,304
361,152
361,915
361,34
361,989
362,349
362,1939
362,78
362,50
362,32
362,34
362,27
363,36
364,36
365,36
366,805
366,78
366,347
367,1266
367,34
367,33
367,295
367,198
368,1000
368,615
369,78
369,32
370,42
370,9
370,24
370,136
371,14
371,575
371,1939
371,932
371,23
371,427
372,639
372,217
372,898
372,133
372,616
373,106
373,114
373,553
373,44
373,48
373,306
373,1
373,346
373,90
373,888
374,125
374,485
374,164
375,135
375,187
375,1627
375,254
375,667
376,844
376,73
377,2190
377,27
377,43
377,34
377,306
377,1148
377,1243
377,2
378,22
378,43
378,259
378,1931
379,478
379,196
379,708
379,262
380,203
380,384
380,120
380,555
380,8
381,36
381,220
382,104
382,5
382,0
382,1289
382,137
382,101
382,348
382,8
383,265
383,1144
383,1702
384,110
384,438
384,164
387,398
387,634
387,634
387,17
387,19
387,36
388,33
388,109
389,281
389,940
389,364
389,621
390,426
390,735
390,4
390,438
390,34
390,272
390,875
390,606
390,1
392,159
392,131
393,242
393,25
394,120
394,593
394,1296
395,1864
395,306
395,18
395,44
395,986
395,1468
395,1148
395,292
395,1835
395,535
395,1170
395,114
395,504
396,13
397,772
397,169
398,59
399,12
400,22
400,1723
401,15
401,513
402,633
402,66
402,504
402,73
402,15
403,139
403,1786
403,2154
403,1662
403,185
404,382
404,451
404,196
404,132
404,1009
404,785
405,306
406,358
406,259
407,193
408,18
408,191
408,427
408,50
409,283
409,786
409,146
409,4
409,1452
410,20
410,559
411,20
412,465
412,1854
412,1000
412,195
412,1
413,87
413,602
413,451
413,939
413,1370
413,176
413,2127
413,18
413,1222
413,866
414,97
415,281
416,226
416,8
416,258
417,6
417,0
417,1289
417,3
417,377
417,25
417,112
418,114
418,1
418,438
419,418
419,90
419,11
419,41
419,521
419,3
419,252
419,155
419,274
420,5
420,580
420,257
420,1233
421,369
421,789
421,495
421,1990
421,2087
422,57
422,668
423,271
423,1302
423,7
423,120
423,100
423,83
423,1568
423,677
423,593
424,71
424,8
425,3
425,98
425,259
425,155
425,2197
426,22
427,1383
428,8
429,422
429,164
430,659
430,20
432,1157
432,196
432,382
432,1985
432,282
432,132
432,163
433,159
433,32
434,44
435,122
435,366
435,980
435,2081
435,508
435,239
435,1113
435,76
435,1225
435,1694
435,392
435,67
436,593
436,1191
436,136
437,7
437,32
437,83
438,9
438,56
438,8
438,378
438,0
438,1289
438,21
438,25
438,143
438,137
438,57
438,87
438,602
439,109
439,910
439,648
439,50
439,1526
439,244
440,66
440,177
440,255
440,337
441,845
441,293
441,185
441,32
441,123
441,176
441,2127
441,358
442,271
442,474
442,1006
442,4
443,41
443,521
443,17
443,18
443,19
443,30
444,58
444,28
444,215
445,1298
445,640
445,19
445,9
446,4
446,23
446,867
446,15
446,26
446,277
446,3
446,134
446,853
446,680
446,37
446,58
446,600
446,1308
446,35
446,133
446,794
446,47
446,579
447,212
447,811
448,109
448,153
448,1655
448,35
449,0
449,1289
449,56
449,9
449,101
449,348
449,124
449,8
449,34
449,378
449,112
450,1372
450,42
452,120
453,4
453,178
453,123
453,131
453,1221
454,47
454,96
454,324
454,365
454,11
454,55
454,827
455,2190
455,267
455,1326
456,515
456,1735
456,271
456,187
456,4
456,1719
456,203
456,1221
456,1507
456,1367
456,45
457,176
457,2127
457,9
457,34
458,65
459,33
459,2032
459,121
460,100
461,2
461,19
461,220
462,1688
462,7
463,5
464,35
465,375
465,989
465,246
465,863
465,221
465,340
466,102
466,12
467,28
467,2029
467,182
468,0
468,1289
468,8
468,947
468,147
468,9
468,124
468,742
468,1315
469,9
469,74
469,1383
469,74
470,867
471,11
471,1912
472,11
473,11
474,474
474,3
474,41
474,521
474,11
474,145
474,37
475,3
475,1199
476,502
476,5
477,3
478,1564
479,243
479,260
479,535
479,415
479,4
479,44
479,1912
480,259
480,593
480,701
480,1191
481,395
481,816
481,187
481,520
481,306
481,1367
481,103
482,132
482,747
483,19
483,22
483,36
483,69
483,957
484,40
485,7
485,82
486,270
487,203
487,34
487,384
487,120
488,45
488,1375
488,146
488,283
488,454
489,1100
489,32
489,78
489,342
489,34
489,845
490,206
490,18
490,321
491,34
491,550
492,17
494,103
494,684
494,1293
495,34
495,593
495,749
495,812
495,24
495,553
495,1383
496,284
496,187
497,284
497,187
498,3
498,190
498,51
498,375
498,47
498,678
498,1555
498,96
499,126
499,1394
499,318
500,148
500,1099
500,669
500,256
500,930
501,366
501,122
501,2081
501,1113
501,1225
501,67
501,80
501,239
501,508
501,1694
501,980
501,392
502,563
502,1719
502,72
502,736
502,1706
502,1146
503,98
503,305
504,71
504,13
504,431
505,205
505,36
505,415
505,48
505,18
506,2
506,470
507,15
508,47
508,45
508,680
508,10
508,14
508,70
508,1083
508,4
508,55
508,971
508,84
508,432
508,260
508,58
508,504
508,720
508,110
509,47
509,45
509,680
509,10
509,14
509,70
509,1083
509,4
509,55
509,971
509,84
509,432
509,260
509,504
509,720
509,58
509,110
510,437
510,221
510,152
510,758
511,176
511,2127
511,42
512,1
512,73
513,32
513,1
514,12
514,102
515,1
515,64
516,366
516,239
516,67
517,271
518,2
518,27
518,103
519,165
521,288
522,319
522,1297
522,8
522,127
522,10
522,347
523,416
524,190
524,47
524,51
524,678
525,276
525,1653
525,369
525,345
525,221
526,20
526,295
526,506
526,271
526,610
526,166
527,30
527,120
527,662
528,169
528,232
528,8
528,10
528,1977
528,626
528,2088
528,523
528,47
528,399
528,309
528,65
528,97
528,680
528,1083
528,623
528,39
529,104
529,593
530,73
530,375
530,15
531,276
531,1177
531,1
532,1432
532,1
533,30
533,775
533,866
533,81
533,1248
533,186
534,374
535,483
535,155
535,40
535,143
537,458
538,471
538,1522
538,38
539,1
539,179
540,750
540,639
540,1912
540,720
541,157
541,1653
541,2197
541,1403
542,145
542,19
542,41
542,521
542,17
542,681
542,593
543,43
543,19
544,245
544,54
544,762
544,1316
545,201
545,34
545,73
545,388
545,58
545,185
545,41
545,521
545,2
546,0
546,1289
546,5
546,1432
547,34
548,0
548,1289
548,451
548,9
548,21
548,378
548,725
548,475
549,784
549,42
549,669
549,1546
549,148
550,208
550,215
550,36
550,159
551,986
552,1107
553,59
554,59
555,34
557,483
558,615
558,164
558,306
558,2
558,3
559,250
559,1432
560,308
560,153
561,292
561,294
561,200
561,56
561,31
561,3
561,6
561,1070
561,64
561,34
561,438
561,25
561,1864
562,113
562,19
563,176
563,2127
565,34
567,898
567,2121
567,639
567,65
568,1895
569,122
569,239
570,120
571,120
572,169
572,357
572,644
572,97
572,12
572,2149
574,670
575,87
575,602
575,183
575,1383
575,1281
576,159
576,272
576,527
577,22
577,41
577,521
578,941
578,1301
579,0
579,1289
579,1338
579,137
579,56
579,204
579,40
579,1074
579,207
579,631
579,837
579,1829
579,2073
579,9
580,0
580,1289
580,1338
580,137
580,56
580,40
580,1074
580,207
580,631
580,837
580,1829
580,2073
580,9
581,72
581,185
582,641
582,113
583,19
584,9
584,593
584,513
584,165
584,1383
584,749
584,1084
584,34
584,0
584,1289
584,281
584,1296
585,425
585,614
585,1873
585,53
585,66
585,97
585,64
585,30
585,438
586,24
586,163
589,0
589,1289
589,120
589,165
589,469
590,822
590,389
590,1107
590,19
590,1785
590,27
590,337
590,34
590,782
591,136
591,688
591,1273
591,268
592,1655
592,893
592,1763
593,58
593,201
593,2
593,1071
593,507
593,676
594,763
594,271
594,43
594,155
594,46
594,19
594,52
595,171
596,171
596,243
596,19
597,57
597,0
597,1289
598,729
599,337
600,22
600,19
600,1
600,593
601,196
601,262
601,291
601,963
601,281
601,1543
601,688
602,3
602,37
603,1
603,637
603,2012
604,9
605,6
606,3
606,98
607,0
607,1289
607,147
607,6
607,171
607,1456
607,474
607,53
607,11
608,30
608,1182
608,81
609,955
609,4
609,269
609,152
610,79
610,286
610,3
610,14
610,134
610,48
610,1636
610,560
610,1853
610,946
610,485
610,10
610,11
610,209
610,35
610,62
610,381
610,26
610,65
611,359
612,1110
612,355
612,8
613,274
613,749
613,923
613,9
613,268
613,124
613,8
614,1895
614,198
615,664
616,1138
616,357
617,55
617,6
617,497
618,990
618,52
618,104
619,345
620,749
620,644
620,720
620,41
620,521
621,30
622,34
624,62
624,381
625,983
626,12
627,44
627,1653
627,832
628,1
628,593
628,145
628,7
628,281
628,360
628,812
629,619
629,10
629,1309
629,62
629,381
629,822
629,70
629,1360
629,204
629,49
629,155
629,39
630,8
630,0
630,1289
630,725
630,5
630,40
630,378
630,207
630,631
630,837
630,1829
630,257
630,1233
630,137
630,1397
630,34
631,96
631,185
631,1556
631,301
631,2169
631,58
632,30
632,1
633,428
633,395
633,87
633,602
633,260
633,667
633,254
633,616
633,146
633,490
634,63
634,2104
634,74
634,718
634,469
634,193
634,1383
634,1960
634,593
635,358
635,143
635,91
635,16
635,1238
635,98
636,22
636,786
637,82
637,229
637,7
637,1726
638,11
639,1290
639,1080
639,684
639,1293
639,1931
639,7
640,483
641,169
641,97
641,286
641,12
641,50
641,102
642,9
642,1596
642,281
642,128
642,57
642,21
642,25
643,513
643,0
643,1289
643,1383
643,1296
643,8
644,1921
644,49
645,262
645,136
645,1172
645,9
645,920
645,42
646,408
646,415
646,938
646,134
646,1
646,306
646,14
646,133
647,1
647,44
647,30
648,487
648,762
649,882
650,97
650,71
650,98
650,157
650,369
651,26
651,560
651,8
651,14
651,41
651,521
651,1545
651,43
651,37
651,1963
651,66
652,109
652,73
653,1953
653,563
653,2089
653,289
653,1755
653,1508
653,189
654,345
654,11
654,1295
654,118
655,345
657,978
657,226
657,317
657,252
657,113
658,195
659,11
660,11
661,171
661,321
661,25
661,621
661,1072
661,6
661,19
661,1718
662,168
662,127
663,469
664,124
664,593
664,1383
664,742
665,5
665,213
665,40
665,1039
665,378
665,0
665,1289
665,57
665,25
666,279
666,359
667,208
667,23
667,608
667,1095
667,73
667,32
667,1874
668,1
669,33
669,16
670,156
670,577
670,80
670,67
670,13
670,236
670,345
670,545
670,162
670,94
670,71
670,660
670,116
670,137
670,2125
670,1136
670,1653
671,34
672,19
672,281
672,926
672,53
672,742
673,19
673,304
673,18
673,264
673,908
674,690
674,724
674,345
674,2186
674,704
674,1403
674,400
674,11
674,239
674,253
674,2130
675,277
676,1383
676,193
677,531
677,1724
677,364
677,1718
677,81
678,785
678,87
678,602
678,382
679,2
679,201
679,38
679,337
679,1349
679,34
679,388
680,1
680,789
680,50
680,986
680,1468
680,155
680,587
680,79
680,2186
681,71
681,13
681,67
681,431
682,644
683,22
683,337
683,201
683,41
683,521
683,2
683,38
684,83
684,32
684,185
684,70
684,61
684,247
684,249
684,89
684,563
685,11
685,1844
686,223
686,1484
687,358
688,34
689,155
689,3
689,338
690,20
690,1710
691,188
691,124
691,378
691,0
691,1289
691,435
691,454
691,99
691,1661
691,25
691,315
692,688
692,136
692,404
694,238
694,57
695,256
695,1099
695,788
695,224
696,349
697,606
697,749
698,873
698,62
698,381
698,232
698,8
698,55
698,1685
698,169
698,1002
698,47
698,62
698,381
698,39
699,509
699,73
700,372
700,2
701,19
701,269
701,90
701,57
701,1415
702,53
702,0
702,1289
703,9
703,1432
704,501
704,11
704,250
704,0
704,1289
704,155
704,542
705,35
705,49
705,3
705,414
705,443
706,35
706,49
706,3
706,16
706,414
706,443
706,84
707,138
708,658
708,212
709,36
709,6
710,155
711,368
712,20
713,475
713,2090
713,40
713,57
713,387
713,88
713,78
713,438
713,0
713,1289
713,5
713,1505
713,442
713,1775
713,393
713,124
713,997
714,728
714,11
714,72
714,185
714,1146
714,98
714,736
714,2133
715,7
715,202
715,845
716,341
717,1
717,346
718,735
719,15
720,3
721,43
721,1170
721,1
721,41
721,521
721,19
721,61
721,252
722,44
722,623
722,339
722,1912
724,21
724,0
724,1289
724,199
724,218
724,446
724,218
724,446
724,100
724,8
725,606
726,554
727,3
727,845
727,306
727,1
727,155
727,205
727,504
727,1653
727,143
727,44
728,182
728,1
728,308
728,36
728,244
728,179
728,245
728,10
728,614
729,333
731,503
732,714
732,220
732,179
732,986
733,563
733,185
733,73
734,11
735,11
736,11
737,639
737,1912
737,929
737,520
737,1781
737,616
737,217
738,430
738,75
738,58
738,563
738,54
738,16
739,5
739,0
739,1289
739,93
739,1374
739,725
739,124
739,21
740,544
740,313
740,48
741,2
741,471
741,337
742,16
744,37
744,78
744,68
744,41
744,521
744,18
744,1820
744,8
744,720
745,342
745,34
745,403
745,438
746,644
746,18
747,1960
747,900
748,1777
748,6
748,19
748,22
748,2060
748,83
748,133
749,1439
749,784
749,564
749,590
749,256
750,122
750,843
751,196
751,1985
751,282
751,154
751,163
752,45
752,283
752,23
754,606
755,0
755,1289
755,25
755,151
755,1142
755,891
756,318
756,310
756,1786
756,1662
756,170
757,9
758,690
759,250
759,64
759,11
760,509
761,0
761,1289
762,542
762,999
763,5
763,88
763,34
763,257
763,1233
763,378
763,725
763,8
763,21
764,34
764,171
764,0
764,1289
764,165
764,5
764,36
764,268
764,8
764,25
764,321
765,1931
765,659
766,127
767,258
767,33
768,88
768,21
768,9
768,486
768,801
768,0
768,1289
768,1277
768,34
768,900
769,36
769,1388
769,1723
769,361
770,723
770,229
771,6
771,546
771,1744
772,1296
773,297
774,140
774,407
774,967
774,0
774,1289
774,421
774,1616
774,476
775,61
776,11
776,875
777,149
777,1150
777,118
777,358
778,24
779,201
779,471
779,2
780,406
780,155
780,361
780,205
780,1177
780,13
780,231
780,2068
781,1432
782,5
783,483
785,335
785,22
785,677
785,6
785,1432
786,137
786,5
786,25
787,137
787,5
787,25
788,735
788,3
789,306
789,1690
789,2120
789,1781
790,1696
791,369
791,528
791,1248
791,1999
791,886
791,71
791,2197
792,118
792,252
793,106
794,1090
794,120
794,36
795,271
795,593
795,183
795,52
795,9
796,18
797,681
797,593
797,108
797,34
797,229
797,393
797,19
798,48
798,756
798,166
798,158
798,2161
799,1
800,375
800,231
800,246
800,989
800,518
800,863
800,221
800,340
802,285
802,153
802,8
802,57
802,28
802,268
802,275
803,5
803,43
803,0
803,1289
803,19
804,40
805,401
805,34
805,1379
807,45
807,347
808,57
808,69
808,87
808,602
809,251
810,701
811,40
811,5
811,124
811,8
811,725
811,63
811,475
812,910
814,110
814,3
814,185
814,10
814,198
814,302
814,336
814,23
814,600
814,1114
814,160
814,905
814,1186
814,443
815,473
815,100
815,107
815,8
815,34
815,3
815,56
816,133
817,172
817,158
817,239
817,250
817,11
818,0
818,1289
818,34
818,342
818,21
818,112
819,60
819,13
819,754
819,48
819,1319
819,97
820,845
821,200
821,0
821,1289
821,8
821,25
822,304
822,290
822,25
822,15
823,3
823,24
823,1
823,195
823,8
824,66
824,31
825,5
825,137
825,0
825,1289
825,378
825,124
825,40
825,1338
825,801
825,207
825,631
825,837
825,1829
825,594
825,768
825,8
826,7
826,2039
827,218
827,446
827,147
827,268
827,1263
827,40
827,218
827,446
827,68
827,101
827,348
827,87
827,602
827,165
827,5
827,0
827,1289
827,8
827,57
828,451
829,128
830,1316
830,817
830,1214
831,1243
832,706
832,182
832,185
833,22
833,2034
833,471
833,38
833,27
833,822
833,5
834,9
834,3
834,218
834,446
834,88
834,801
834,40
834,93
834,1374
835,9
835,378
835,25
835,137
835,151
835,364
836,0
836,1289
837,321
838,722
838,22
839,269
839,1627
839,114
840,36
840,593
840,384
841,53
841,165
843,663
843,65
843,981
843,787
843,133
844,165
845,1546
845,87
845,602
845,259
846,278
847,28
847,125
847,507
847,10
847,49
848,8
848,205
849,9
849,0
849,1289
849,34
849,57
849,64
849,581
849,1066
849,63
849,30
849,386
849,183
849,1093
849,8
850,34
851,222
851,1667
852,644
853,8
853,26
854,30
855,56
856,389
857,43
857,41
857,521
857,634
857,160
858,53
859,5
859,199
859,237
859,8
859,21
859,1801
859,124
859,100
859,93
859,1374
860,5
860,151
860,142
860,0
860,1289
860,801
860,21
860,257
860,1233
860,486
860,725
861,1266
861,202
861,28
861,215
861,295
861,557
861,805
861,192
862,6
863,5
863,93
863,1374
863,21
863,364
863,107
863,483
863,0
863,1289
864,111
865,391
865,526
865,737
865,62
865,381
865,98
865,8
865,286
865,3
865,440
865,2178
865,10
866,28
867,100
867,1613
868,0
868,1289
868,1469
868,56
868,1596
868,8
868,21
868,387
868,438
868,124
869,23
870,23
871,504
871,1645
871,3
871,616
871,1382
872,34
873,271
873,59
873,388
873,1221
874,170
876,32
877,428
877,45
877,849
877,981
878,108
878,259
878,454
879,6
879,0
879,1289
879,1319
879,21
880,5
880,88
880,571
880,151
880,107
880,378
880,9
880,66
881,0
881,1289
881,137
881,53
881,57
881,112
881,66
881,9
881,475
881,34
881,21
881,167
881,801
881,486
882,844
882,83
882,43
883,331
883,275
883,44
883,1177
884,120
885,73
885,587
886,0
886,1289
888,135
888,128
888,1073
888,176
888,2127
889,251
890,1177
890,3
890,369
890,155
891,19
891,360
891,474
891,1
892,810
892,8
892,474
892,34
892,31
892,360
894,393
895,8
895,281
895,0
895,1289
895,142
895,725
895,387
895,665
895,1126
896,166
897,1159
897,154
898,298
898,755
899,3
899,331
900,40
900,30
900,387
900,900
900,8
900,1510
900,101
900,348
901,450
901,1114
901,391
901,16
901,1
901,1109
901,247
901,202
901,522
901,50
901,289
902,1432
902,66
903,593
903,169
904,201
904,103
904,388
904,445
904,2
905,326
907,42
908,10
908,96
908,1923
908,2007
908,627
908,47
909,250
911,0
911,1289
911,56
911,151
911,21
911,8
911,34
911,107
911,1397
912,331
913,83
913,7
913,1290
913,16
913,677
914,73
914,3
914,1939
914,1
915,83
915,641
916,1
916,527
916,1200
918,71
918,78
918,900
918,8
919,34
919,812
919,238
919,31
919,46
919,196
919,42
919,775
920,18
920,192
920,32
921,306
921,155
922,2164
922,2025
923,98
924,4
924,1202
924,331
925,34
926,19
926,252
926,1513
926,555
926,34
926,143
926,118
926,2107
926,743
926,1869
928,8
928,1531
928,1812
928,9
928,796
928,100
928,281
928,1610
928,0
928,1289
928,1531
928,1812
928,1531
928,1812
929,587
930,0
930,1289
930,11
930,352
931,447
932,447
932,364
933,447
933,69
934,36
935,271
935,605
935,812
935,662
936,361
936,9
936,99
936,3
936,53
936,74
936,21
937,122
937,508
938,676
938,2
939,8
939,715
939,218
939,446
939,592
939,1830
939,1318
940,1112
940,2
940,477
940,471
940,1772
940,201
940,337
940,5
942,308
942,71
942,632
942,8
943,5
943,34
943,378
943,0
943,1289
943,900
943,251
944,17
945,1
946,1191
946,43
947,490
947,616
947,1571
948,742
949,524
950,306
952,6
952,0
952,1289
953,523
953,133
953,331
954,109
954,54
954,2122
954,96
954,1997
955,48
955,11
956,91
956,185
956,293
956,70
956,1552
956,1092
956,204
956,27
956,49
956,58
956,971
956,323
956,1256
956,160
956,492
956,11
956,51
956,906
956,41
956,521
956,1939
957,2178
957,268
957,321
959,464
960,464
960,999
961,464
962,239
962,34
963,1923
963,9
963,155
964,750
964,1382
964,639
965,711
965,1638
965,36
966,5
966,34
966,63
966,742
966,403
966,167
966,78
966,593
966,1805
966,393
966,108
967,639
968,78
969,912
969,444
969,56
969,8
969,34
969,57
969,0
969,1289
969,438
969,1291
969,30
969,25
969,3
970,4
970,667
970,52
970,207
970,631
970,837
970,1829
970,331
970,234
970,34
970,10
970,70
970,1048
970,35
970,296
970,25
971,451
971,742
971,621
971,1352
971,8
972,1726
973,922
973,44
973,745
974,1
974,3
975,0
975,1289
975,107
975,93
975,1374
975,742
975,167
976,33
977,796
977,0
977,1289
978,28
978,522
978,305
978,1727
978,703
978,492
978,862
978,1636
978,1467
978,991
978,1381
978,2018
978,78
978,2007
978,512
979,128
980,45
981,690
981,1783
981,369
981,345
982,148
982,996
982,256
982,132
982,1358
983,422
983,335
983,659
983,150
983,2025
983,2164
984,1
984,794
985,476
985,63
985,1673
985,1107
985,827
985,214
986,728
986,1685
986,563
986,11
986,72
986,736
986,275
986,1795
987,9
987,137
987,167
987,257
987,1233
987,21
987,5
987,93
987,1374
987,107
987,0
987,1289
987,251
987,57
987,142
988,188
988,0
988,1289
988,8
988,200
989,12
990,155
990,3
990,37
990,46
990,14
990,6
990,443
990,64
990,1653
990,133
991,1128
991,1939
991,1949
993,19
993,34
993,159
993,50
995,1124
995,1432
995,34
995,165
996,25
996,97
996,614
996,1281
997,262
997,950
998,482
998,888
998,127
999,482
1000,482
1001,1
1002,118
1002,10
1002,1893
1002,39
1002,1559
1002,1685
1002,1758
1002,189
1002,512
1003,73
1006,805
1007,489
1008,79
1009,113
1010,749
1010,74
1010,314
1010,0
1010,1289
1010,1383
1012,248
1013,75
1013,58
1013,185
1013,813
1013,485
1013,289
1013,27
1013,1114
1013,1939
1013,10
1013,1743
1013,522
1013,248
1014,1652
1014,1978
1014,96
1015,501
1015,1702
1015,1144
1015,2130
1016,474
1016,346
1016,1627
1017,1432
1018,487
1019,657
1019,1747
1019,131
1019,986
1020,74
1020,314
1020,0
1020,1289
1020,593
1021,705
1021,1
1021,898
1021,187
1022,1772
1024,855
1024,214
1025,8
1027,970
1027,324
1027,47
1027,16
1027,114
1027,827
1028,140
1028,1463
1028,162
1028,13
1028,248
1028,156
1028,67
1028,743
1028,2197
1028,250
1028,71
1028,1798
1028,102
1028,116
1028,246
1029,1
1029,25
1029,26
1029,566
1029,4
1029,966
1029,181
1030,39
1030,1594
1030,819
1030,280
1030,95
1031,26
1031,271
1031,184
1032,34
1032,388
1032,63
1032,1349
1034,359
1034,168
1035,5
1035,469
1035,337
1036,2
1037,19
1040,501
1042,438
1043,155
1043,361
1044,1113
1045,505
1045,573
1046,1303
1046,45
1047,50
1047,33
1048,50
1049,16
1049,1874
1049,862
1049,485
1049,145
1049,677
1049,553
1049,164
1049,503
1050,30
1050,56
1050,0
1050,1289
1050,1351
1050,120
1050,1402
1050,442
1051,30
1051,56
1051,0
1051,1289
1051,1351
1051,120
1051,1402
1051,442
1052,132
1052,326
1052,1003
1052,154
1053,0
1053,1289
1053,64
1053,9
1053,21
1053,112
1054,101
1054,348
1054,268
1055,896
1055,696
1055,38
1055,413
1055,2137
1056,281
1056,1030
1056,688
1056,196
1056,34
1056,920
1057,328
1057,50
1057,49
1058,453
1058,1508
1058,25
1058,1282
1058,560
1059,513
1059,0
1059,1289
1059,364
1059,317
1059,1432
1059,274
1060,758
1061,54
1061,1079
1061,220
1061,846
1061,75
1061,43
1061,316
1061,26
1061,1442
1061,684
1061,1293
1061,233
1061,499
1062,13
1062,67
1062,236
1062,1369
1062,162
1063,65
1063,2013
1065,108
1066,567
1066,43
1067,169
1067,754
1067,97
1068,2
1068,556
1068,49
1068,388
1068,125
1069,0
1069,1289
1070,361
1070,1653
1071,56
1071,31
1071,5
1071,0
1071,1289
1071,1060
1071,78
1071,8
1071,104
1071,387
1071,57
1071,1126
1071,378
1071,768
1071,34
1071,112
1072,32
1072,563
1072,185
1072,318
1073,247
1073,1301
1073,1186
1073,736
1073,472
1073,1732
1073,948
1074,34
1074,393
1074,63
1074,81
1074,78
1075,8
1076,259
1077,259
1078,259
1079,995
1079,944
1079,451
1079,168
1079,688
1079,196
1079,810
1080,1840
1080,766
1081,192
1081,75
1081,184
1082,53
1083,1931
1084,513
1084,1432
1085,280
1085,36
1085,47
1085,251
1085,62
1085,381
1085,370
1085,55
1085,1544
1085,1565
1086,9
1087,501
1087,9
1087,641
1088,138
1089,8
1089,359
1089,684
1089,1293
1090,28
1090,289
1090,89
1090,522
1090,430
1090,732
1090,49
1090,328
1090,286
1090,251
1090,862
1090,125
1090,820
1090,1381
1090,2007
1090,537
1090,83
1090,1002
1090,123
1090,1114
1090,164
1090,82
1090,492
1090,1743
1091,34
1092,43
1092,6
1092,1625
1092,1150
1093,27
1093,49
1093,2
1093,627
1093,96
1093,138
1093,10
1093,125
1094,141
1094,549
1094,359
1095,5
1095,31
1097,433
1097,610
1097,117
1097,23
1097,121
1097,1678
1097,7
1097,198
1098,559
1098,196
1098,812
1099,9
1099,2191
1099,195
1099,1191
1100,1
1100,36
1101,179
1102,100
1102,78
1103,43
1103,70
1104,292
1104,438
1104,339
1105,3
1105,1
1105,593
1106,141
1106,36
1106,805
1107,25
1108,7
1108,1953
1108,563
1108,1292
1110,974
1112,193
1112,108
1113,989
1113,1631
1114,378
1114,53
1114,8
1114,21
1114,5
1114,63
1114,0
1114,1289
1114,40
1114,124
1114,34
1114,725
1114,475
1114,25
1114,1291
1115,58
1115,82
1116,1281
1117,673
1117,24
1117,176
1117,2127
1117,101
1117,348
1117,57
1117,768
1118,34
1119,212
1119,999
1119,483
1119,94
1120,161
1120,708
1121,20
1123,1128
1123,289
1123,1939
1123,123
1123,1268
1124,115
1125,169
1125,48
1125,1824
1125,47
1125,566
1125,102
1125,1047
1125,12
1125,97
1125,431
1125,3
1125,361
1125,98
1125,643
1125,11
1125,1300
1125,621
1125,379
1125,200
1125,827
1125,357
1125,73
1125,2197
1125,565
1125,1545
1125,62
1125,381
1125,6
1125,1190
1125,2150
1125,25
1125,862
1125,46
1125,614
1125,1653
1125,644
1126,677
1126,113
1126,553
1126,43
1127,115
1127,53
1127,358
1128,1
1129,996
1129,1358
1130,149
1131,451
1131,176
1131,2127
1131,482
1133,19
1134,19
1135,109
1136,206
1137,206
1137,128
1138,244
1139,404
1140,36
1140,179
1141,525
1141,724
1141,98
1141,67
1142,525
1143,33
1143,113
1143,527
1143,89
1144,108
1144,5
1144,469
1144,1366
1144,221
1145,155
1145,271
1145,34
1146,223
1146,753
1146,8
1146,208
1146,6
1146,252
1146,50
1146,113
1147,656
1148,33
1148,1538
1148,295
1148,32
1148,20
1148,1025
1148,2059
1148,50
1148,52
1148,1525
1148,1
1148,98
1148,23
1149,56
1149,34
1149,63
1150,149
1151,83
1151,557
1151,223
1151,1484
1151,16
1151,295
1151,249
1152,55
1153,0
1153,1289
1154,22
1155,22
1156,86
1156,473
1156,476
1157,557
1157,1627
1157,215
1157,113
1157,553
1157,1931
1158,64
1158,0
1158,1289
1159,3
1159,11
1159,25
1159,207
1159,631
1159,837
1159,1829
1159,48
1159,155
1159,118
1160,62
1160,381
1161,30
1162,1671
1163,187
1163,750
1163,1223
1163,1382
1163,388
1164,19
1164,17
1164,5
1164,3
1164,342
1164,364
1164,469
1165,7
1167,60
1167,13
1167,754
1168,193
1169,122
1170,822
1170,1112
1171,1645
1172,0
1172,1289
1172,53
1172,114
1172,8
1172,342
1172,468
1172,804
1172,76
1172,2072
1174,32
1174,281
1174,1880
1174,1100
1175,926
1175,742
1175,269
1175,26
1175,46
1176,100
1177,0
1177,1289
1177,100
1177,199
1178,649
1178,3
1178,155
1178,34
1178,52
1178,536
1178,6
1178,55
1178,61
1178,98
1178,11
1178,24
1178,207
1178,631
1178,837
1178,1829
1178,301
1178,528
1178,95
1178,57
1178,25
1178,503
1178,2055
1179,2
1179,198
1179,288
1180,849
1180,2012
1180,4
1180,146
1181,1256
1181,32
1183,0
1183,1289
1183,9
1183,124
1184,410
1185,200
1186,789
1186,179
1186,1
1186,2008
1186,109
1187,1231
1187,148
1187,1099
1187,136
1187,784
1187,769
1187,256
1188,1833
1188,137
1188,16
1189,539
1189,504
1189,309
1189,118
1189,375
1189,481
1190,24
1191,1135
1191,563
1191,110
1192,621
1192,872
1192,238
1192,281
1193,73
1193,1148
1193,1113
1194,166
1194,35
1195,47
1195,28
1195,98
1195,11
1197,438
1197,207
1197,631
1197,837
1197,1829
1197,63
1198,237
1198,206
1198,538
1199,1946
1200,195
1201,396
1201,2015
1202,13
1202,1918
1202,577
1203,87
1203,602
1204,1004
1205,277
1205,8
1206,43
1207,18
1207,571
1208,2062
1209,282
1209,136
1209,784
1211,1728
1211,1911
1212,770
1213,78
1214,34
1214,3
1215,1301
1216,13
1216,97
1217,361
1218,361
1219,361
1220,404
1221,1304
1221,718
1222,0
1222,1289
1222,120
1222,1296
1223,1462
1223,176
1223,2127
1223,34
1224,543
1225,713
1225,388
1225,349
1226,593
1226,63
1226,1717
1226,553
1226,7
1227,42
1227,920
1227,154
1228,221
1229,126
1229,548
1230,502
1231,502
1232,149
1233,149
1234,35
1234,25
1234,45
1234,221
1234,37
1234,79
1234,504
1234,680
1234,1204
1234,1720
1234,41
1234,521
1234,623
1234,15
1234,11
1234,90
1234,331
1234,434
1234,552
1234,1653
1235,5
1235,0
1235,1289
1235,1383
1235,1432
1236,14
1237,231
1237,345
1237,265
1237,369
1237,361
1238,1
1238,101
1238,348
1239,0
1239,1289
1240,25
1241,2082
1241,215
1242,580
1243,384
1244,669
1244,961
1244,148
1245,296
1245,110
1245,1
1245,61
1245,334
1245,84
1245,44
1245,1997
1245,240
1246,30
1247,281
1247,1603
1247,53
1248,25
1249,4
1250,19
1250,8
1250,22
1251,1702
1251,8
1251,98
1251,305
1251,295
1251,1625
1251,265
1251,118
1252,150
1252,337
1252,7
1252,1541
1253,480
1255,52
1255,4
1255,227
1256,58
1256,1100
1256,78
1256,0
1256,1289
1256,393
1256,63
1256,2
1256,6
1257,132
1257,404
1258,386
1258,91
1259,535
1259,306
1259,1690
1259,375
1259,4
1259,1781
1261,474
1261,48
1261,159
1262,453
1263,430
1263,1519
1264,198
1264,182
1265,279
1265,73
1265,719
1267,0
1267,1289
1267,1931
1267,274
1267,90
1268,109
1268,306
1268,918
1268,6
1268,2035
1268,70
1268,1248
1268,1079
1268,842
1268,31
1269,187
1269,362
1269,898
1269,62
1269,381
1269,567
1269,59
1269,520
1269,1964
1269,65
1269,4
1269,1975
1269,1114
1269,3
1269,727
1269,1540
1269,432
1269,639
1269,535
1269,155
1269,133
1269,15
1269,481
1269,905
1270,464
1270,2197
1270,724
1270,1637
1270,157
1270,94
1270,158
1270,690
1270,114
1270,48
1270,1
1271,1432
1271,469
1271,483
1271,40
1271,1383
1272,1953
1272,563
1273,59
1273,926
1273,657
1274,571
1275,120
1275,474
1276,7
1276,121
1276,33
1276,50
1277,60
1278,19
1278,1170
1278,223
1279,0
1279,1289
1279,2148
1279,66
1279,53
1279,1253
1279,9
1280,573
1281,573
1282,26
1282,3
1282,643
1282,44
1282,1733
1282,802
1282,298
1283,54
1283,33
1283,184
1283,23
1283,220
1284,1912
1285,191
1285,364
1285,2197
1285,1653
1285,504
1286,580
1287,148
1287,136
1287,154
1288,76
1289,48
1290,13
1291,188
1292,0
1292,1289
1292,1432
1295,1432
1296,2
1297,767
1298,11
1299,23
1300,50
1300,4
1300,14
1300,84
1300,37
1300,70
1300,260
1300,1781
1300,971
1300,432
1300,65
1301,452
1301,79
1301,189
1301,991
1301,1301
1301,127
1301,28
1301,1161
1301,697
1301,12
1301,1685
1301,55
1301,249
1302,582
1303,50
1303,361
1304,42
1305,0
1305,1289
1305,21
1305,88
1305,378
1305,57
1306,52
1307,31
1307,137
1307,21
1307,57
1307,64
1307,200
1307,480
1308,267
1308,960
1309,400
1310,400
1311,42
1311,22
1311,235
1312,24
1313,506
1313,75
1313,529
1314,0
1314,1289
1314,33
1315,28
1316,249
1317,5
1317,63
1318,544
1318,264
1318,361
1318,37
1319,30
1320,282
1320,1432
1320,688
1320,1933
1320,11
1321,4
1321,23
1322,34
1322,293
1322,192
1323,8
1323,295
1324,18
1325,31
1326,1327
1327,165
1327,5
1328,518
1328,1527
1328,1072
1328,304
1328,644
1329,5
1330,1688
1332,59
1332,657
1333,5
1333,1432
1333,804
1333,1162
1333,53
1333,93
1333,1374
1333,257
1333,1233
1333,768
1333,66
1334,804
1334,34
1334,25
1334,64
1334,137
1334,5
1334,712
1334,801
1334,9
1334,1332
1334,1338
1334,140
1335,33
1335,50
1335,10
1335,522
1336,25
1337,577
1338,16
1338,26
1338,18
1338,1013
1339,1750
1339,281
1340,438
1341,26
1342,56
1342,21
1342,88
1342,25
1342,378
1342,34
1342,8
1342,64
1342,0
1342,1289
1342,93
1342,1374
1342,128
1342,315
1343,53
1343,66
1344,34
1344,923
1344,1281
1346,542
1346,212
1347,595
1348,315
1348,112
1348,367
1348,281
1348,1104
1348,768
1349,861
1349,688
1349,1099
1350,76
1352,810
1353,271
1353,306
1353,220
1354,3
1354,137
1354,1126
1354,25
1355,258
1355,1704
1356,103
1356,8
1356,15
1356,61
1356,72
1357,124
1357,48
1357,26
1357,18
1357,199
1357,364
1357,36
1357,926
1357,100
1357,643
1357,8
1357,1074
1357,711
1357,9
1357,15
1358,603
1358,65
1358,304
1358,252
1358,1923
1358,989
1358,2012
1360,452
1360,32
1360,697
1360,189
1360,50
1360,1685
1361,248
1361,120
1361,1123
1361,360
1362,361
1363,8
1363,147
1364,8
1364,435
1365,62
1365,381
1365,98
1365,0
1365,1289
1366,97
1367,24
1368,5
1368,0
1368,1289
1368,712
1368,1066
1368,2119
1368,900
1368,321
1368,1602
1368,1400
1368,2126
1369,96
1369,2
1369,49
1370,507
1370,337
1370,1772
1370,718
1370,297
1370,214
1370,58
1370,125
1371,84
1371,198
1371,10
1371,399
1372,88
1372,8
1372,21
1372,378
1372,167
1372,5
1372,257
1372,1233
1373,54
1373,842
1373,805
1374,171
1375,43
1375,295
1375,113
1375,305
1377,981
1377,1275
1377,2
1377,1349
1377,316
1377,507
1377,160
1377,353
1377,49
1377,28
1377,198
1377,138
1377,177
1377,267
1377,731
1378,116
1378,140
1379,137
1379,88
1379,5
1379,53
1379,801
1379,0
1379,1289
1379,112
1379,40
1380,0
1380,1289
1381,78
1382,13
1382,71
1382,426
1382,246
1382,413
1382,870
1382,140
1382,162
1382,116
1382,999
1382,67
1383,13
1383,71
1383,426
1383,246
1383,413
1383,870
1383,140
1383,162
1383,116
1383,999
1383,67
1384,1
1385,920
1386,1013
1386,64
1387,532
1387,1
1387,681
1387,34
1388,206
1388,42
1389,879
1390,910
1391,176
1391,2127
1392,648
1393,1728
1394,364
1394,367
1394,315
1394,21
1394,0
1394,1289
1394,2126
1394,2193
1395,518
1395,989
1395,11
1395,231
1395,152
1395,832
1395,16
1395,73
1396,161
1396,321
1396,101
1396,348
1397,1082
1398,609
1399,24
1399,714
1399,1401
1400,324
1401,15
1402,477
1402,337
1402,388
1403,1
1403,127
1404,616
1405,63
1407,1
1408,154
1408,136
1409,193
1409,142
1409,108
1409,66
1409,1383
1410,639
1411,12
1411,102
1412,254
1412,490
1412,207
1412,631
1412,837
1412,1829
1412,52
1413,1343
1413,262
1413,148
1413,1354
1414,94
1414,162
1414,431
1414,13
1414,565
1416,0
1416,1289
1416,8
1417,712
1417,21
1417,9
1417,74
1417,841
1418,107
1418,124
1418,153
1419,300
1419,38
1419,3
1421,33
1421,347
1421,1470
1421,153
1421,82
1421,54
1421,202
1421,762
1421,83
1421,1215
1422,13
1422,386
1422,12
1422,57
1422,1117
1422,5
1422,1332
1422,137
1422,768
1422,545
1423,1
1423,363
1424,3
1425,25
1425,891
1425,1798
1425,116
1425,999
1426,66
1427,1146
1428,25
1428,313
1428,15
1428,37
1429,493
1429,60
1430,1
1431,0
1431,1289
1432,19
1433,538
1433,148
1433,281
1433,1336
1434,120
1434,1668
1434,910
1435,2
1435,1275
1435,28
1435,27
1435,96
1435,336
1435,138
1436,1990
1436,1165
1436,495
1437,1097
1437,224
1437,1354
1437,161
1438,2
1438,1518
1439,269
1439,926
1441,483
1442,0
1442,1289
1442,9
1443,590
1444,136
1444,928
1445,395
1445,567
1445,1032
1445,1223
1446,269
1446,25
1447,548
1447,139
1447,1509
1447,500
1447,974
1448,51
1448,297
1448,10
1448,627
1448,1092
1448,49
1448,1689
1449,229
1449,1627
1450,4
1452,23
1453,100
1454,40
1454,378
1454,9
1454,801
1454,5
1455,125
1455,58
1456,622
1457,52
1458,1685
1458,54
1459,16
1459,311
1460,30
1461,1383
1461,69
1462,57
1462,900
1462,34
1464,1498
1465,1426
1465,1221
1465,626
1466,553
1466,1
1466,42
1467,1636
1467,628
1467,169
1467,160
1468,53
1468,57
1468,0
1468,1289
1468,21
1468,5
1468,902
1469,932
1469,19
1469,18
1469,795
1469,34
1469,41
1469,521
1470,1400
1470,0
1470,1289
1471,666
1472,819
1472,23
1472,7
1472,89
1472,1321
1472,960
1472,506
1472,244
1472,280
1472,522
1472,1544
1472,1063
1472,83
1472,1413
1472,584
1473,113
1473,559
1474,5
1475,613
1476,503
1476,11
1476,34
1477,531
1477,268
1477,621
1477,8
1478,13
1478,246
1479,56
1479,151
1479,5
1480,0
1480,1289
1481,185
1481,78
1481,1939
1482,118
1482,223
1482,1625
1482,584
1482,641
1483,135
1483,308
1483,1627
1484,0
1484,1289
1485,404
1485,42
1485,154
1486,19
1487,0
1487,1289
1487,497
1488,642
1489,642
1490,524
1491,73
1492,725
1492,0
1492,1289
1492,475
1492,8
1492,904
1493,9
1493,5
1493,421
1494,384
1495,384
1496,178
1496,192
1497,317
1497,8
1498,0
1498,1289
1498,6
1498,9
1498,1432
1498,64
1498,5
1498,0
1498,1289
1498,137
1499,179
1500,647
1501,8
1501,21
1501,5
1501,56
1501,770
1501,57
1503,11
1503,134
1504,337
1504,201
1504,27
1504,2
1504,406
1504,782
1505,661
1505,125
1506,83
1507,814
1508,246
1508,300
1508,3
1508,102
1508,1918
1508,1904
1508,71
1508,896
1508,38
1509,469
1510,654
1510,39
1512,122
1513,50
1513,73
1513,305
1513,113
1514,589
1514,1810
1514,475
1514,1739
1514,1123
1514,1373
1514,34
1515,702
1515,148
1515,161
1515,132
1516,75
1516,198
1516,220
1517,622
1518,492
1519,318
1519,126
1520,661
1520,28
1521,4
1521,313
1521,327
1521,231
1521,61
1521,297
1521,782
1521,58
1521,37
1521,365
1522,126
1523,277
1523,1
1523,317
1524,30
1525,5
1525,34
1525,21
1525,8
1525,483
1525,151
1526,96
1526,1031
1527,34
1529,16
1529,563
1530,6
1531,699
1531,782
1532,927
1533,165
1533,171
1534,155
1536,702
1536,262
1536,1259
1536,669
1536,136
1536,769
1537,16
1537,0
1537,1289
1537,58
1537,820
1537,537
1537,1636
1537,83
1537,164
1537,862
1538,16
1539,116
1540,1503
1540,694
1540,35
1540,157
1541,171
1541,559
1541,1325
1542,13
1543,1005
1543,1199
1543,326
1543,382
1544,449
1546,677
1546,200
1546,113
1547,56
1547,876
1547,1338
1547,8
1548,438
1548,34
1549,15
1549,535
1549,483
1549,571
1549,195
1549,250
1549,25
1549,41
1549,521
1549,1180
1549,46
1550,364
1550,940
1550,53
1550,46
1550,1942
1551,189
1552,263
1553,166
1553,324
1553,42
1553,910
1554,1432
1555,560
1555,11
1555,483
1555,1653
1555,274
1556,592
1557,308
1557,464
1558,11
1558,94
1558,690
1559,89
1560,1798
1560,632
1560,406
1560,116
1560,236
1560,2197
1560,1766
1562,518
1562,915
1562,437
1562,152
1562,375
1562,304
1563,438
1563,3
1563,361
1563,44
1563,1
1563,1403
1563,704
1563,166
1564,155
1564,2186
1565,677
1566,34
1566,630
1567,981
1567,70
1567,612
1569,4
1569,134
1569,296
1570,58
1570,49
1571,12
1571,102
1571,0
1571,1289
1572,37
1572,867
1573,223
1573,1625
1573,1869
1573,932
1573,1702
1574,223
1575,43
1575,347
1575,135
1575,254
1575,159
1577,295
1577,113
1578,295
1579,786
1579,146
1579,1885
1579,981
1580,369
1580,71
1580,97
1580,11
1580,157
1581,243
1582,59
1584,533
1585,406
1585,1817
1585,231
1585,201
1585,155
1586,904
1587,404
1587,451
1587,30
1587,688
1587,34
1588,196
1588,995
1588,599
1589,904
1589,403
1590,1655
1591,742
1591,321
1593,4
1594,1400
1594,5
1595,56
1595,25
1595,141
1596,54
1596,182
1597,50
1597,685
1597,178
1597,10
1597,35
1597,61
1597,552
1598,256
1599,637
1599,483
1601,256
1602,628
1603,124
1604,1243
1605,206
1606,395
1606,567
1606,520
1606,1032
1606,1202
1606,616
1606,2199
1607,553
1608,0
1608,1289
1608,40
1609,693
1609,344
1609,25
1609,44
1609,1760
1609,867
1610,1170
1610,73
1610,229
1611,806
1611,1381
1611,1503
1611,507
1612,34
1613,281
1613,1379
1613,1126
1613,0
1613,1289
1613,8
1613,882
1613,237
1613,1892
1613,124
1613,1086
1613,900
1613,1514
1613,1838
1614,802
1614,1534
1614,402
1614,184
1614,187
1614,1221
1614,966
1614,1481
1614,55
1614,2149
1614,244
1614,375
1614,657
1614,520
1614,179
1614,26
1614,868
1614,1997
1614,324
1615,1723
1616,114
1616,324
1617,1323
1618,1608
1618,1927
1618,1823
1618,907
1619,32
1620,896
1620,696
1621,684
1621,1293
1622,1040
1623,9
1624,1691
1625,1426
1625,55
1625,394
1625,345
1625,118
1625,566
1625,97
1625,2130
1625,587
1625,1685
1625,47
1625,73
1625,727
1626,147
1626,56
1627,439
1627,434
1627,276
1628,239
1628,34
1629,1346
1629,96
1630,25
1630,34
1630,57
1630,78
1630,273
1630,475
1630,448
1630,30
1631,535
1632,470
1632,2190
1632,2
1632,255
1632,782
1633,0
1633,1289
1635,26
1635,4
1635,452
1636,310
1636,113
1636,1513
1636,268
1637,523
1637,65
1637,518
1637,252
1638,810
1638,1030
1638,664
1638,196
1638,34
1638,136
1638,42
1639,523
1639,989
1641,6
1641,9
1642,81
1642,24
1643,81
1643,347
1644,48
1644,2055
1644,274
1644,128
1644,114
1644,585
1645,639
1645,786
1646,1097
1646,224
1646,1883
1647,905
1648,2190
1649,722
1649,1
1649,254
1649,159
1649,823
1649,616
1650,152
1650,231
1650,375
1650,2
1650,37
1651,701
1652,701
1652,559
1652,910
1653,159
1654,3
1654,331
1654,0
1654,1289
1655,40
1656,1
1656,34
1656,41
1656,521
1657,87
1657,602
1658,6
1659,298
1659,47
1659,860
1660,1
1661,13
1663,693
1663,344
1664,40
1666,1
1667,16
1667,1564
1667,974
1667,1054
1667,83
1667,610
1668,742
1668,22
1668,2104
1669,557
1670,70
1670,1002
1670,334
1670,375
1670,267
1670,2018
1670,1295
1670,535
1670,522
1671,184
1671,26
1671,160
1671,408
1671,14
1671,306
1672,5
1672,378
1672,34
1672,63
1672,545
1672,438
1672,801
1672,561
1673,742
1674,10
1674,327
1674,100
1674,842
1674,822
1674,160
1674,1092
1674,388
1675,6
1675,475
1676,262
1676,136
1676,702
1676,161
1677,137
1677,9
1677,5
1677,25
1677,74
1677,14
1677,545
1677,1423
1678,342
1679,10
1679,491
1679,39
1679,98
1681,5
1681,40
1681,34
1681,725
1681,378
1682,724
1683,268
1684,278
1684,132
1685,757
1686,63
1686,1254
1687,262
1688,35
1689,56
1689,104
1689,768
1689,57
1689,801
1689,165
1689,8
1690,720
1690,667
1690,639
1690,929
1690,536
1690,65
1691,69
1691,15
1692,832
1692,989
1693,21
1693,574
1695,65
1695,535
1695,18
1695,578
1695,133
1695,875
1696,782
1697,1354
1697,224
1697,154
1700,2
1700,89
1701,16
1701,721
1702,1990
1702,394
1702,400
1702,1685
1703,0
1703,1289
1703,900
1703,9
1705,283
1706,34
1706,291
1706,963
1706,923
1706,176
1706,2127
1706,259
1706,939
1706,469
1706,1199
1706,1383
1706,749
1707,34
1708,69
1709,11
1709,62
1709,381
1710,603
1710,1885
1710,217
1711,403
1711,695
1711,589
1711,1231
1711,34
1713,937
1713,523
1714,75
1714,186
1715,6
1716,893
1716,2
1716,58
1716,109
1717,587
1717,394
1717,1990
1717,11
1718,454
1719,52
1719,7
1720,264
1720,22
1720,73
1721,63
1722,159
1722,185
1723,162
1723,80
1723,246
1724,162
1724,246
1725,32
1725,8
1725,52
1726,687
1728,5
1728,281
1728,9
1728,165
1728,378
1729,728
1729,1795
1730,728
1730,1795
1731,31
1731,56
1731,40
1732,34
1733,25
1734,9
1734,6
1734,1093
1734,107
1735,983
1737,239
1737,94
1737,246
1737,1427
1737,236
1737,162
1737,1421
1738,239
1738,94
1738,246
1738,1427
1738,236
1738,162
1738,1421
1739,516
1739,623
1740,1423
1740,25
1741,1673
1742,220
1744,1123
1744,438
1746,9
1747,468
1747,64
1747,480
1747,21
1747,12
1748,18
1749,637
1750,32
1750,1268
1750,600
1750,16
1750,215
1750,23
1751,1354
1751,262
1751,1343
1751,1099
1751,688
1751,883
1751,669
1751,161
1752,34
1753,69
1753,1088
1755,68
1756,68
1757,252
1757,305
1758,1413
1759,1044
1760,792
1761,926
1761,1013
1762,137
1762,3
1763,76
1764,27
1764,717
1764,1107
1764,177
1764,297
1764,1643
1764,1031
1764,782
1764,1689
1764,155
1765,34
1765,659
1765,438
1766,511
1766,1047
1767,1
1767,143
1767,34
1768,264
1769,124
1770,6
1770,436
1771,692
1772,7
1773,8
1773,34
1773,1479
1774,132
1775,100
1775,34
1775,78
1775,1613
1775,438
1776,124
1776,665
1776,841
1776,107
1777,384
1778,31
1778,984
1778,93
1778,1374
1778,21
1778,104
1779,49
1779,201
1779,507
1780,40
1780,0
1780,1289
1780,1904
1780,804
1780,56
1781,127
1782,166
1783,318
1783,500
1783,1895
1783,32
1783,1350
1784,351
1784,161
1784,224
1784,148
1784,136
1784,1046
1786,3
1786,375
1787,395
1787,1202
1787,605
1787,187
1787,306
1787,889
1787,790
1788,1366
1789,375
1789,246
1789,1653
1791,274
1791,306
1791,66
1792,276
1793,861
1793,1046
1793,702
1793,961
1794,752
1795,660
1796,5
1796,985
1796,393
1796,342
1796,1955
1796,438
1797,518
1798,332
1798,72
1798,1648
1798,727
1798,255
1798,639
1798,1246
1798,65
1798,1457
1798,1614
1799,1031
1799,787
1800,2
1800,301
1801,19
1801,253
1802,759
1804,520
1804,70
1804,306
1804,490
1804,415
1804,44
1805,159
1805,800
1806,57
1806,100
1806,199
1807,16
1807,271
1808,140
1808,190
1809,443
1809,65
1809,37
1809,623
1810,795
1810,226
1810,502
1810,760
1810,1144
1810,1177
1810,265
1810,118
1810,1695
1811,764
1812,2199
1812,45
1812,667
1812,639
1813,555
1814,452
1814,245
1814,55
1815,1352
1815,1989
1815,22
1815,1379
1815,57
1815,451
1815,69
1816,1675
1817,245
1817,23
1817,43
1817,1221
1818,101
1818,348
1818,442
1818,673
1819,766
1820,480
1821,1
1822,1244
1822,1084
1822,34
1822,589
1822,1361
1823,118
1824,126
1824,32
1824,1350
1824,500
1825,1156
1825,1608
1826,0
1826,1289
1826,6
1827,542
1827,140
1827,999
1828,50
1828,226
1829,8
1829,9
1829,1363
1829,0
1829,1289
1829,558
1830,63
1831,153
1832,288
1832,23
1832,207
1832,631
1832,837
1832,1829
1832,84
1833,1
1834,3
1835,135
1836,298
1836,1852
1837,215
1837,7
1837,901
1838,760
1838,559
1838,795
1839,760
1839,559
1839,795
1840,760
1841,34
1841,1792
1841,1396
1841,1810
1841,393
1842,586
1843,188
1843,140
1844,1055
1844,831
1844,2186
1844,83
1844,1
1844,109
1844,365
1844,1271
1844,50
1844,275
1845,1383
1846,124
1846,1379
1846,142
1847,571
1848,1953
1848,1128
1848,1140
1849,57
1850,1
1851,933
1852,143
1852,1403
1853,893
1853,2190
1853,1581
1853,1858
1854,989
1855,50
1855,118
1856,120
1856,972
1856,1134
1857,54
1857,164
1857,654
1857,1296
1858,1150
1859,53
1859,386
1859,165
1859,1147
1860,45
1860,17
1860,719
1860,304
1861,17
1862,176
1862,2127
1862,1172
1862,282
1862,451
1862,136
1862,742
1862,154
1862,262
1862,53
1863,78
1865,252
1866,252
1867,4
1868,775
1869,34
1870,972
1870,9
1870,250
1870,1004
1870,1451
1870,25
1871,34
1871,589
1873,93
1873,1374
1873,142
1874,84
1874,414
1875,254
1876,248
1877,0
1877,1289
1877,9
1877,21
1877,257
1877,1233
1877,486
1877,5
1878,1003
1878,382
1879,781
1880,96
1880,1978
1881,229
1882,63
1882,281
1883,1040
1883,800
1883,32
1883,664
1883,938
1884,41
1884,521
1885,1316
1885,1301
1886,294
1886,40
1886,137
1886,1217
1886,34
1886,21
1886,142
1886,804
1886,31
1886,0
1886,1289
1887,1
1888,9
1888,364
1888,1432
1889,252
1889,223
1889,1170
1890,11
1890,313
1890,1253
1890,364
1890,15
1890,90
1890,146
1890,858
1891,0
1891,1289
1891,21
1891,120
1891,74
1893,347
1896,161
1896,176
1896,2127
1897,73
1897,97
1898,73
1898,97
1899,108
1900,108
1901,24
1902,1056
1903,41
1903,521
1904,34
1905,21
1905,1292
1905,1162
1905,120
1905,0
1905,1289
1905,1066
1905,1142
1905,1914
1905,57
1906,5
1906,124
1906,378
1907,1249
1907,54
1907,970
1907,123
1907,529
1907,430
1907,4
1907,89
1907,7
1907,1671
1907,732
1907,164
1907,1128
1907,170
1908,8
1908,641
1909,109
1910,133
1910,264
1910,11
1910,340
1910,37
1911,282
1911,1012
1911,262
1911,176
1911,2127
1911,30
1911,1543
1912,189
1913,189
1915,793
1916,1
1916,506
1916,184
1916,959
1916,1544
1916,762
1916,160
1916,55
1917,21
1918,262
1918,1099
1918,136
1918,669
1918,883
1918,1842
1918,861
1918,1343
1919,355
1920,11
1920,276
1920,720
1921,277
1921,11
1921,495
1921,133
1921,720
1921,41
1921,521
1922,107
1923,5
1923,1200
1923,137
1923,8
1923,2065
1924,1
1924,166
1924,44
1924,423
1924,704
1924,566
1924,1836
1924,98
1924,221
1924,1360
1924,2197
1924,467
1924,1066
1924,200
1925,382
1926,658
1926,212
1927,1316
1927,258
1927,33
1928,12
1928,466
1928,102
1928,0
1928,1289
1928,1402
1928,545
1928,21
1928,768
1929,1
1929,184
1929,98
1930,24
1930,1099
1931,483
1932,22
1932,70
1932,553
1933,1054
1933,16
1933,229
1933,202
1933,33
1933,164
1933,1931
1935,185
1935,34
1936,185
1936,34
1937,1016
1937,2190
1938,49
1938,1092
1938,28
1938,27
1939,799
1940,226
1941,72
1942,40
1942,56
1943,40
1943,56
1944,803
1945,200
1945,268
1948,296
1948,1852
1948,1997
1948,467
1949,75
1949,1047
1950,75
1951,897
1951,1286
1951,250
1953,1750
1953,1396
1954,32
1954,805
1954,438
1955,68
1955,8
1955,546
1955,1199
1955,32
1956,34
1956,1580
1956,176
1956,2127
1956,1127
1956,27
1956,6
1957,558
1957,0
1957,1289
1957,321
1957,196
1958,50
1959,806
1960,321
1960,8
1961,232
1961,39
1962,35
1962,198
1962,639
1963,289
1964,321
1965,0
1965,1289
1966,212
1968,297
1968,782
1968,471
1969,915
1970,4
1971,63
1972,811
1972,212
1973,13
1974,3
1975,0
1975,1289
1976,320
1976,862
1977,315
1977,0
1977,1289
1977,367
1978,667
1978,70
1978,184
1978,600
1979,201
1979,16
1979,271
1979,422
1979,202
1979,41
1979,521
1980,1481
1980,3
1981,160
1981,192
1981,41
1981,521
1982,64
1982,6
1982,112
1983,161
1983,1429
1983,1159
1983,669
1983,883
1984,260
1984,1560
1985,126
1985,472
1985,5
1985,1064
1986,11
1986,869
1987,281
1988,1719
1988,524
1989,1383
1989,108
1989,5
1989,421
1989,124
1989,30
1991,314
1991,324
1992,535
1992,306
1992,95
1993,464
1994,196
1994,281
1994,237
1995,129
1995,1236
1996,506
1997,28
1997,1968
1997,89
1998,108
1998,775
1999,8
2000,845
2000,32
2000,2041
2000,1268
2000,563
2000,110
2001,165
2001,64
2001,498
2001,801
2001,448
2001,137
2001,142
2002,711
2003,154
2004,9
2004,801
2004,594
2004,93
2004,1374
2004,5
2005,137
2006,4
2006,948
2007,66
2007,442
2007,1933
2007,31
2007,57
2007,78
2008,805
2009,7
2009,553
2010,7
2011,637
2012,8
2012,23
2013,1432
2013,53
2014,159
2014,1221
2015,714
2017,118
2018,1432
2018,483
2019,1
2020,9
2020,393
2020,1955
2020,421
2020,475
2020,390
2020,484
2020,1244
2021,364
2021,21
2021,321
2021,5
2021,93
2021,1374
2021,112
2021,165
2021,74
2022,32
2024,1691
2025,49
2025,388
2026,666
2027,0
2027,1289
2028,8
2028,1170
2028,33
2029,8
2029,89
2031,21
2031,804
2031,8
2031,475
2031,257
2031,1233
2032,154
2033,1100
2034,142
2034,63
2034,5
2035,118
2036,9
2037,0
2037,1289
2037,6
2037,165
2037,468
2037,112
2038,486
2038,607
2038,140
2038,0
2038,1289
2038,442
2039,0
2039,1289
2039,6
2039,112
2040,56
2040,21
2040,1070
2040,57
2041,61
2041,155
2041,3
2042,910
2043,624
2043,1172
2043,235
2043,708
2046,1636
2046,2028
2046,28
2046,16
2049,221
2050,1373
2050,904
2050,393
2050,34
2051,1343
2051,262
2051,478
2051,1046
2051,136
2051,861
2052,856
2052,7
2052,202
2053,545
2053,250
2053,660
2053,1918
2054,169
2054,1314
2054,379
2055,1274
2055,8
2055,56
2056,449
2056,148
2056,2173
2056,1237
2056,132
2056,1260
2057,823
2057,1
2058,6
2059,1568
2059,1874
2059,89
2059,189
2059,16
2060,825
2061,133
2061,720
2061,37
2061,331
2061,11
2062,114
2062,438
2063,529
2063,600
2064,21
2064,1944
2065,699
2065,470
2065,49
2065,51
2065,47
2065,177
2066,36
2068,327
2068,931
2068,1107
2068,190
2068,627
2068,1459
2068,2168
2070,0
2070,1289
2071,278
2071,1621
2072,155
2072,1
2072,73
2072,205
2072,986
2072,9
2072,94
2073,40
2073,475
2073,378
2074,6
2074,2065
2075,292
2075,34
2075,559
2076,1112
2076,2
2077,404
2078,237
2079,132
2081,638
2082,10
2083,5
2083,486
2083,21
2083,1734
2084,19
2085,165
2086,2055
2086,1627
2086,19
2088,54
2088,1671
2088,23
2089,597
2090,21
2091,154
2091,404
2091,132
2092,597
2093,271
2093,54
2093,16
2094,1178
2094,148
2094,688
2094,747
2095,614
2096,278
2096,451
2096,1172
2096,206
2096,196
2096,254
2096,742
2096,538
2097,384
2097,775
2098,100
2098,8
2098,9
2098,281
2098,438
2099,391
2100,166
2100,1403
2101,11
2102,599
2103,474
2103,0
2103,1289
2104,64
2104,9
2104,93
2104,1374
2104,25
2104,0
2104,1289
2104,593
2104,120
2104,124
2104,321
2105,1353
2105,161
2105,702
2106,3
2107,386
2108,681
2108,593
2109,559
2109,856
2109,1630
2109,2104
2109,403
2110,206
2111,1358
2111,770
2111,1983
2111,404
2111,211
2111,235
2111,1089
2112,302
2112,1223
2113,16
2113,492
2113,2007
2113,10
2113,286
2113,28
2113,874
2113,512
2113,280
2113,1186
2115,40
2116,767
2117,859
2118,252
2118,1144
2118,1702
2118,1177
2118,418
2118,118
2119,673
2120,391
2121,0
2121,1289
2122,4
2122,14
2122,61
2122,220
2122,233
2123,155
2124,154
2124,256
2125,1062
2125,593
2125,145
2125,78
2125,1627
2126,333
2128,23
2129,3
2130,1484
2131,367
2131,1248
2131,598
2132,78
2134,112
2134,57
2134,143
2134,8
2134,1285
2134,378
2135,23
2135,5
2135,1
2136,75
2137,75
2138,6
2139,5
2139,0
2139,1289
2139,438
2140,310
2140,50
2141,9
2142,54
2142,703
2142,1939
2143,23
2143,61
2143,18
2143,600
2143,70
2143,1048
2143,192
2143,14
2143,443
2143,95
2143,1186
2144,1
2145,766
2146,868
2147,868
2147,32
2148,156
2148,287
2148,13
2148,80
2148,71
2148,510
2148,577
2148,236
2148,1569
2148,67
2149,124
2149,1066
2149,742
2149,165
2149,1432
2149,5
2150,869
2151,869
2152,34
2153,0
2153,1289
2153,88
2153,378
2153,9
2153,725
2153,93
2153,1374
2154,95
2154,11
2154,3
2154,10
2154,114
2154,468
2154,49
2154,155
2154,57
2154,535
2154,504
2155,1393
2155,44
2156,1172
2157,310
2158,1
2158,43
2158,400
2160,1
2161,430
2161,54
2161,862
2161,50
2162,1361
2162,1396
2163,871
2164,1432
2164,53
2164,0
2164,1289
2165,1432
2165,53
2165,0
2165,1289
2166,1968
2166,34
2167,32
2167,845
2167,70
2167,145
2167,34
2168,969
2169,2190
2169,267
2170,32
2171,736
2172,428
2172,490
2173,5
2173,167
2173,1400
2174,486
2174,40
2175,0
2175,1289
2175,2167
2175,124
2176,753
2176,659
2176,557
2176,50
2176,113
2176,1931
2177,872
2178,1352
2178,281
2178,237
2179,34
2179,108
2180,702
2180,1861
2181,1734
2181,34
2181,2068
2181,421
2181,1136
2181,712
2182,614
2182,438
2183,614
2183,438
2184,113
2184,295
2184,557
2184,248
2185,84
2185,50
2185,808
2185,62
2185,381
2186,84
2187,84
2188,84
2189,493
2190,714
2191,451
2191,742
2191,22
2192,22
2193,50
2193,23
2193,33
2194,1146
2194,2062
2194,185
2195,149
2196,149
2197,2151
2197,286
2198,1927
2199,1598
2199,297
2200,60
2201,161
2201,154
2202,474
2202,2055
2202,42
2202,404
2203,265
2204,404
2204,688
2205,1266
2205,202
2205,126
2205,28
2205,215
2206,5
2206,378
2207,31
2208,1
2209,222
2209,108
2210,281
2211,32
2212,31
2212,34
2212,6
2214,753
2214,659
2214,557
2214,1931
2215,1166
2215,124
2215,1339
2215,8
2216,142
2216,361
2216,18
2216,37
2216,64
2216,407
2216,1338
2216,102
2216,21
2216,1904
2218,378
2218,21
2218,403
2218,63
2218,40
2218,438
2218,8
2218,801
2218,904
2218,421
2218,475
2218,257
2218,1233
2220,750
2221,126
2221,976
2221,83
2221,50
2221,1268
2222,616
2223,165
2224,73
2225,1244
2225,393
2226,918
2226,621
2226,26
2226,3
2226,560
2227,124
2227,783
2228,316
2229,192
2229,1249
2230,940
2231,1140
2232,15
2232,260
2232,313
2232,152
2233,295
2233,368
2233,252
2233,6
2233,118
2234,1980
2234,1084
2234,438
2234,1522
2235,1985
2236,1
2236,346
2236,3
2237,1
2237,1516
2238,40
2238,9
2238,473
2239,1997
2240,107
2240,9
2242,1144
2242,1702
2242,118
2242,584
2242,501
2243,365
2243,905
2243,1858
2243,75
2244,1073
2244,237
2245,181
2245,131
2246,19
2247,141
2248,1
2250,1
2251,542
2251,999
2252,999
2252,542
2253,111
2253,676
2253,27
2253,556
2253,49
2253,2
2254,480
2254,73
2254,393
2254,886
2255,1432
2255,0
2255,1289
2256,101
2256,348
2257,396
2257,715
2258,1212
2258,1115
2259,132
2259,784
2260,789
2260,2161
2261,895
2261,674
2262,310
2263,506
2264,657
2264,881
2265,21
2265,107
2265,137
2266,60
2267,34
2268,7
2268,1290
2269,53
2270,801
2270,88
2270,0
2270,1289
2270,1093
2270,9
2270,2065
2272,1101
2272,154
2273,13
2274,742
2274,0
2274,1289
2274,321
2274,947
2274,69
2274,364
2274,124
2274,1073
2274,243
2274,171
2274,386
2275,0
2275,1289
2276,204
2276,43
2277,64
2277,1070
2277,250
2277,1894
2277,40
2277,137
2279,256
2280,3
2280,60
2280,434
2281,223
2282,218
2282,446
2282,1263
2282,147
2283,218
2283,446
2284,218
2284,446
2285,475
2286,50
2286,65
2286,1573
2286,1637
2286,1732
2286,320
2286,552
2287,148
2288,108
2288,24
2288,1281
2288,46
2288,42
2288,1974
2288,176
2288,2127
2288,1892
2289,364
2289,533
2289,268
2290,294
2291,1400
2291,1361
2292,247
2292,1568
2292,787
2292,563
2293,121
2293,347
2293,131
2293,159
2293,1228
2294,908
2294,1777
2295,9
2295,31
2295,40
2295,486
2295,5
2295,78
2295,165
2295,1292
2295,0
2295,1289
2295,21
2295,801
2295,93
2295,1374
2295,1644
2296,13
2297,1100
2298,854
2298,911
2298,108
2299,118
2299,318
2299,1880
2300,13
2300,236
2301,914
2301,560
2301,711
2301,19
2301,1824
2301,621
2302,914
2302,560
2303,967
2303,407
2304,58
2304,215
2304,28
2305,9
2305,1124
2305,0
2305,1289
2306,1419
2306,367
2306,594
2306,315
2306,2027
2306,1136
2307,1107
2307,47
2308,915
2308,981
2308,152
2308,1923
2308,340
2308,794
2308,612
2309,669
2310,168
2310,701
2310,166
2310,2161
2310,1747
2311,931
2311,1888
2311,2168
2312,202
2313,154
2314,246
2315,684
2315,1293
2315,17
2315,775
2316,169
2317,403
2317,424
2317,438
2317,387
2317,904
2317,34
2317,63
2317,1244
2317,742
2317,1291
2317,1955
2317,985
2317,1254
2318,42
2318,785
2319,10
2319,32
2319,240
2319,49
2319,275
2319,39
2319,289
2320,330
2320,159
2321,1185
2321,0
2321,1289
2321,9
2321,421
2321,8
2321,112
2322,4
2323,9
2324,9
2324,88
2324,378
2324,25
2325,921
2326,124
2326,0
2326,1289
2327,121
2327,1316
2327,215
2327,184
2327,1095
2328,669
2328,262
2328,883
2328,857
2329,475
2329,725
2329,34
2329,378
2329,0
2329,1289
2329,9
2330,857
2332,1594
2332,32
2332,1
2332,2111
2332,565
2332,598
2332,10
2332,75
2332,280
2334,262
2334,1178
2334,136
2334,920
2335,27
2335,100
2335,1282
2336,265
2336,1177
2337,226
2337,113
2337,50
2338,63
2338,1272
2339,1312
2339,718
2340,31
2340,0
2340,1289
2340,57
2341,57
2342,928
2343,50
2344,220
2345,930
2345,404
2345,132
2345,538
2345,278
2346,27
2347,1
2347,179
2348,468
2348,1004
2349,1432
2349,21
2349,142
2349,53
2349,25
2349,8
2349,0
2349,1289
2349,571
2349,137
2349,475
2349,421
2349,545
2349,128
2350,161
2350,256
2350,1269
2350,674
2350,235
2351,932
2351,215
2351,1170
2351,50
2351,438
2352,4
2352,770
2354,49
2354,627
2354,1031
2354,336
2354,1772
2354,96
2354,338
2354,1092
2354,1652
2354,320
2354,301
2354,1198
2354,507
2354,554
2354,782
2354,777
2355,8
2356,6
2357,83
2357,492
2358,1912
2358,2088
2359,927
2360,2034
2360,51
2360,556
2360,676
2360,1663
2361,3
2362,2
2362,589
2363,386
2363,64
2363,66
2363,497
2363,364
2364,11
2365,317
2366,134
2367,0
2367,1289
2367,1752
2368,1
2368,179
2369,586
2370,586
2371,63
2371,0
2371,1289
2371,8
2371,438
2371,34
2371,155
2371,393
2371,1319
2371,1406
2371,1750
2372,126
2372,123
2372,55
2373,9
2373,486
2374,809
2375,614
2376,299
2377,299
2377,256
2378,87
2378,602
2378,1281
2379,1336
2379,747
2380,1396
2380,1361
2381,702
2381,1336
2382,942
2383,1
2384,102
2384,12
2384,466
2385,1432
2386,1
2388,51
2388,297
2388,301
2388,983
2388,1018
2390,6
2390,0
2390,1289
2390,64
2390,387
2390,421
2391,12
2391,5
2391,725
2391,63
2391,486
2391,8
2391,1402
2391,21
2391,342
2391,102
2391,466
2392,742
2392,237
2392,1073
2392,69
2393,293
2394,687
2395,393
2396,132
2396,1439
2396,256
2397,25
2397,542
2398,246
2398,375
2399,948
2399,19
2400,56
2400,1104
2402,404
2403,393
2404,269
2404,304
2404,250
2405,35
2405,46
2406,18
2406,1221
2407,683
2407,1650
2408,421
2408,1734
2409,296
2410,6
2410,2055
2410,566
2410,101
2410,348
2411,19
2411,448
2412,295
2412,18
2412,252
2414,0
2414,1289
2415,393
2415,78
2416,73
2416,809
2417,986
2417,1
2417,109
2417,648
2417,182
2418,893
2418,601
2419,43
2420,206
2421,6
2422,710
2423,1046
2423,224
2424,586
2424,239
2425,126
2426,751
2427,8
2427,295
2428,89
2429,179
2430,644
2431,213
2431,8
2432,26
2432,560
2432,644
2432,1545
2432,36
2432,35
2432,269
2433,1354
2433,161
2433,148
2433,136
2433,281
2434,908
2434,134
2434,578
2435,981
2436,1177
2437,711
2438,8
2439,486
2439,8
2439,378
2440,6
2440,1319
2441,98
2442,357
2442,98
2442,169
2442,1685
2442,862
2442,1
2442,1047
2444,9
2444,136
2444,148
2445,8
2445,277
2447,170
2447,1085
2448,1012
2449,18
2450,54
2451,150
2452,1403
2453,34
2453,1582
2453,30
2454,108
2454,155
2454,16
2455,443
2455,37
2455,375
2455,11
2455,554
2455,35
2455,1033
2455,65
2455,1618
2455,95
2455,1475
2455,1923
2455,118
2455,3
2455,623
2456,969
2456,2164
2456,2188
2456,2025
2457,107
2457,5
2457,1329
2458,1146
2458,185
2459,6
2459,112
2461,5
2461,565
2461,364
2462,42
2463,0
2463,1289
2464,25
2465,1268
2465,976
2466,1557
2466,326
2466,920
2467,6
2467,40
2468,1
2468,26
2468,44
2468,305
2469,712
2470,57
2470,712
2470,124
2470,8
2471,2186
2471,929
2471,690
2471,331
2471,133
2471,794
2471,2069
2472,0
2472,1289
2472,155
2473,324
2474,986
2475,396
2476,0
2476,1289
2478,334
2478,184
2479,64
2479,281
2479,1093
2479,124
2479,558
2479,165
2479,9
2480,110
2481,110
2482,1997
2482,26
2482,134
2482,888
2482,1054
2482,4
2482,1083
2482,43
2482,110
2482,184
2482,33
2483,819
2483,23
2483,506
2484,276
2485,2178
2485,120
2485,24
2486,120
2487,789
2488,16
2488,1170
2488,229
2488,89
2488,202
2488,271
2488,41
2488,521
2489,5
2489,531
2489,483
2489,900
2489,0
2489,1289
2489,53
2489,9
2489,57
2490,378
2490,63
2490,34
2490,1734
2490,25
2490,281
2490,1958
2490,1363
2490,1402
2490,725
2490,902
2491,136
2491,278
2492,267
2492,1459
2492,38
2493,56
2493,40
2493,25
2493,200
2494,56
2494,40
2494,200
2495,63
2495,801
2495,1373
2495,438
2495,25
2495,1396
2496,124
2496,107
2496,1691
2497,21
2497,8
2498,848
2499,485
2500,179
2501,32
2502,1456
2502,3
2502,143
2503,159
2504,277
2504,23
2504,1511
2506,904
2506,393
2506,923
2507,33
2507,109
2507,427
2507,164
2507,28
2508,404
2509,279
2510,13
2510,587
2510,690
2510,246
2510,757
2511,38
2512,367
2512,1419
2512,315
2512,1104
2512,2027
2512,1066
2512,1265
2512,558
2512,768
2512,594
2513,26
2514,357
2515,357
2516,148
2516,224
2516,256
2516,669
2516,154
2517,16
2518,538
2518,196
2519,5
2519,393
2519,378
2520,1263
2520,218
2520,446
2520,1432
2520,207
2520,631
2520,837
2520,1829
2520,545
2520,128
2521,57
2521,0
2521,1289
2521,475
2521,8
2521,5
2521,1510
2522,118
2523,118
2524,992
2525,161
2526,136
2527,176
2527,2127
2527,762
2528,176
2528,2127
2528,159
2528,812
2529,5
2529,0
2529,1289
2529,342
2530,282
2530,154
2531,1335
2531,598
2531,121
2531,4
2531,83
2531,529
2531,1678
2531,1939
2532,0
2532,1289
2532,8
2533,7
2533,422
2533,150
2533,593
2533,553
2535,142
2536,31
2536,104
2536,378
2536,34
2536,57
2538,290
2538,832
2538,264
2539,136
2541,0
2541,1289
2541,1388
2541,435
2541,165
2542,298
2542,48
2543,997
2544,1681
2545,87
2545,602
2545,34
2546,34
2546,281
2546,78
2547,788
2547,996
2548,13
2549,13
2550,0
2550,1289
2550,179
2551,233
2551,123
2551,10
2551,4
2553,65
2554,379
2554,1264
2555,379
2555,60
2555,975
2556,535
2557,165
2557,40
2558,215
2559,56
2560,1001
2561,706
2561,33
2561,245
2561,1068
2561,762
2562,31
2562,21
2562,137
2562,9
2562,1
2563,267
2563,103
2563,4
2563,96
2563,220
2563,26
2563,22
2563,125
2563,867
2563,18
2563,134
2563,160
2563,48
2563,323
2564,20
2564,1546
2565,20
2566,20
2568,78
2569,1253
2570,5
2570,378
2570,475
2570,34
2570,69
2571,157
2571,1391
2571,118
2572,143
2573,30
2574,0
2574,1289
2575,215
2575,422
2575,1931
2576,66
2576,929
2576,1638
2577,189
2578,251
2578,24
2578,768
2578,99
2578,378
2578,137
2579,1076
2579,106
2579,198
2579,84
2580,1020
2581,166
2581,1
2582,166
2584,867
2584,55
2584,26
2585,187
2585,881
2585,362
2585,986
2585,1367
2586,162
2587,1
2588,637
2588,1627
2588,50
2589,36
2589,2162
2590,0
2590,1289
2590,112
2590,491
2590,1383
2590,454
2591,321
2591,0
2591,1289
2591,1086
2593,110
2593,126
2593,1564
2593,570
2593,3
2594,2186
2595,8
2596,929
2598,972
2599,972
2600,63
2600,438
2601,268
2601,1667
2601,229
2601,1931
2602,4
2602,123
2602,70
2602,667
2604,33
2604,23
2604,1186
2604,953
2604,10
2604,113
2604,84
2604,1733
2605,926
2606,926
2607,2
2607,2055
2608,2167
2608,98
2608,1172
2609,98
2609,8
2609,1617
2610,253
2610,12
2611,98
2612,1153
2612,422
2613,524
2613,131
2614,1013
2614,9
2614,30
2614,176
2614,2127
2615,254
2615,939
2615,569
2616,784
2617,1014
2618,1014
2619,42
2620,42
2621,128
2622,1015
2622,853
2622,561
2622,3
2622,41
2622,521
2622,46
2624,1400
2624,1066
2624,63
2625,164
2625,125
2625,862
2626,850
2626,327
2626,10
2627,124
2627,594
2628,62
2628,381
2628,35
2628,189
2628,1461
2628,2142
2628,51
2628,98
2629,407
2630,0
2630,1289
2630,6
2630,475
2631,28
2631,1685
2632,43
2632,44
2632,41
2632,521
2632,191
2632,268
2633,33
2634,113
2634,35
2635,1021
2636,404
2636,154
2637,0
2637,1289
2637,571
2637,1383
2637,112
2637,1432
2637,1093
2638,1022
2639,165
2639,281
2639,8
2639,34
2640,165
2641,1144
2641,48
2641,501
2642,518
2642,65
2642,375
2642,152
2643,22
2644,424
2644,589
2644,403
2644,421
2644,1361
2644,1400
2644,695
2645,11
2645,6
2645,0
2645,1289
2646,313
2646,274
2647,1978
2647,96
2647,10
2647,2169
2648,1383
2648,0
2648,1289
2648,21
2648,124
2648,257
2648,1233
2648,93
2648,1374
2648,69
2649,5
2650,1636
2650,1872
2650,628
2650,2007
2650,877
2650,1381
2650,500
2650,169
2650,249
2651,681
2651,1894
2651,731
2651,118
2652,11
2652,158
2652,724
2653,75
2653,1190
2654,1545
2654,1066
2654,18
2654,163
2655,451
2655,8
2655,57
2656,196
2656,451
2656,1099
2657,196
2657,154
2658,196
2659,206
2660,742
2661,1028
2662,768
2662,64
2662,263
2662,183
2662,0
2662,1289
2663,0
2663,1289
2664,659
2665,637
2665,37
2666,63
2666,31
2666,128
2666,768
2666,34
2666,8
2666,57
2666,378
2669,20
2669,452
2669,55
2670,171
2670,337
2670,1900
2670,1034
2671,1179
2671,1384
2672,73
2673,727
2673,10
2673,1420
2673,1825
2673,413
2673,1031
2674,254
2675,310
2675,16
2676,413
2676,1421
2676,71
2676,246
2676,3
2676,153
2677,1903
2677,47
2678,1036
2679,21
2681,1
2682,0
2682,1289
2682,6
2682,1319
2683,136
2683,224
2683,309
2684,1
2684,1047
2684,331
2684,972
2685,533
2685,304
2685,274
2685,560
2685,1653
2685,1327
2685,11
2685,2120
2686,621
2687,0
2687,1289
2688,1041
2689,262
2689,857
2689,669
2689,861
2691,1
2691,467
2692,2178
2692,73
2693,133
2693,535
2693,568
2693,432
2694,421
2694,63
2694,40
2694,403
2694,393
2694,1711
2694,1254
2697,946
2697,736
2697,84
2697,1063
2697,334
2698,404
2701,760
2702,1001
2703,1383
2703,401
2704,21
2704,9
2705,1
2705,2055
2705,271
2705,474
2705,41
2705,521
2706,710
2706,124
2707,378
2707,1292
2707,1277
2707,1319
2708,359
2709,422
2709,8
2709,1292
2709,360
2711,422
2711,293
2711,677
2711,83
2711,91
2711,1636
2711,1249
2712,0
2712,1289
2713,120
2713,165
2713,5
2714,206
2714,742
2714,281
2715,0
2715,1289
2715,1597
2715,2107
2715,176
2715,2127
2715,9
2715,64
2716,490
2716,395
2716,1246
2716,922
2717,9
2717,940
2717,621
2717,46
2717,364
2718,150
2718,1688
2719,30
2719,20
2720,16
2720,18
2720,41
2720,521
2721,84
2721,639
2721,1690
2721,1033
2721,971
2721,11
2721,65
2721,118
2721,133
2721,1105
2721,535
2721,808
2721,1964
2721,360
2722,56
2722,120
2724,1052
2725,839
2726,24
2727,940
2727,364
2727,69
2728,502
2728,469
2729,8
2729,40
2729,63
2729,34
2730,1134
2730,34
2730,137
2730,1423
2730,200
2730,1589
2731,56
2732,278
2732,538
2733,63
2733,469
2735,9
2735,21
2735,0
2735,1289
2735,725
2736,142
2736,183
2737,74
2737,486
2737,475
2738,289
2738,1161
2738,946
2738,485
2738,862
2738,1743
2739,5
2739,386
2739,486
2739,93
2739,1374
2740,1336
2740,747
2741,1173
2742,1824
2743,5
2744,3
2746,1097
2747,30
2748,199
2749,39
2749,110
2749,58
2749,966
2749,50
2749,1964
2749,10
2749,399
2749,95
2750,60
2750,357
2751,60
2752,483
2752,5
2753,4
2753,35
2753,23
2753,600
2753,179
2753,1999
2753,44
2753,184
2753,263
2754,1037
2755,718
2755,74
2755,2104
2756,735
2756,239
2756,158
2756,363
2757,0
2757,1289
2759,1056
2759,874
2760,607
2761,196
2761,281
2761,136
2762,132
2762,154
2762,538
2763,1059
2765,15
2765,1072
2765,313
2766,5
2766,904
2766,386
2766,768
2766,378
2766,9
2766,421
2767,162
2768,0
2768,1289
2769,867
2770,786
2770,36
2770,62
2770,381
2770,989
2771,478
2772,87
2772,602
2773,1268
2773,2020
2773,1140
2774,78
2775,1823
2775,1927
2775,907
2775,1608
2776,223
2777,47
2777,62
2777,381
2777,55
2777,962
2777,2149
2777,240
2777,178
2778,196
2778,281
2778,159
2778,9
2779,185
2779,95
2781,192
2782,5
2782,88
2782,378
2782,0
2782,1289
2782,53
2782,8
2782,468
2783,12
2783,357
2783,72
2783,431
2783,566
2783,62
2783,381
2783,140
2783,169
2783,102
2783,97
2783,344
2783,425
2783,37
2783,3
2783,46
2784,589
2784,63
2784,695
2785,1
2785,1177
2785,252
2786,0
2786,1289
2786,8
2787,1840
2788,41
2788,521
2788,159
2788,347
2789,586
2790,546
2791,34
2792,3
2793,710
2793,40
2794,78
2795,246
2795,236
2796,154
2797,406
2798,2056
2798,301
2799,16
2799,17
2799,1874
2799,677
2799,34
2799,862
2800,100
2801,46
2802,154
2803,40
2803,0
2803,1289
2804,1832
2804,522
2804,2007
2804,16
2804,808
2804,2028
2804,2198
2804,286
2804,55
2804,1874
2804,537
2804,862
2804,75
2804,300
2804,1381
2804,65
2804,89
2804,169
2804,2020
2805,1874
2805,1872
2806,584
2806,1966
2807,1
2807,541
2807,109
2808,12
2808,97
2808,169
2808,60
2809,393
2809,1373
2809,1529
2810,469
2810,0
2810,1289
2810,1383
2811,161
2811,196
2812,851
2813,182
2814,1075
2815,875
2815,644
2815,1999
2815,518
2815,623
2815,1923
2816,262
2816,161
2817,161
2817,224
2818,60
2819,60
2819,1653
2819,975
2821,748
2821,1078
2822,114
2823,5
2823,34
2823,1423
2824,1
2825,1547
2825,403
2825,985
2825,424
2825,393
2826,306
2827,1214
2827,123
2828,502
2828,559
2829,502
2829,559
2830,422
2830,677
2831,43
2831,268
2831,19
2831,118
2831,1238
2831,1177
2831,1869
2831,113
2831,1559
2832,15
2832,1653
2832,90
2832,1906
2832,313
2832,1638
2832,6
2832,114
2832,2027
2832,1591
2832,152
2833,5
2833,403
2833,40
2834,263
2835,428
2835,65
2835,1912
2835,639
2835,535
2836,281
2837,0
2837,1289
2838,13
2838,406
2838,250
2838,1070
2839,206
2839,237
2840,54
2840,286
2840,28
2840,485
2840,50
2841,74
2841,21
2842,1064
2842,1654
2844,122
2845,1292
2845,21
2845,64
2845,78
2845,56
2845,8
2845,57
2845,403
2845,378
2846,943
2847,943
2847,214
2848,943
2849,54
2850,959
2852,891
2853,891
2853,2103
2854,46
2854,268
2854,812
2854,176
2854,2127
2854,259
2855,34
2855,1516
2856,0
2856,1289
2856,607
2857,379
2858,1090
2859,894
2860,281
2861,318
2861,1808
2862,271
2863,0
2863,1289
2864,469
2865,271
2865,523
2865,41
2865,521
2865,2012
2865,65
2865,567
2865,306
2866,702
2866,224
2866,161
2866,669
2866,688
2867,473
2867,9
2867,142
2867,1734
2867,25
2867,451
2867,999
2867,0
2867,1289
2867,140
2867,1599
2868,0
2868,1289
2868,1125
2869,269
2869,304
2870,2
2870,138
2870,267
2871,245
2871,671
2871,109
2871,1481
2871,1268
2871,164
2871,10
2871,613
2871,4
2871,1337
2871,83
2871,1448
2871,181
2871,198
2871,244
2872,1383
2875,1093
2876,1093
2876,0
2876,1289
2877,26
2878,437
2878,554
2878,1912
2878,1637
2879,1882
2879,202
2879,1688
2879,677
2880,11
2880,500
2880,83
2880,32
2881,151
2882,254
2883,254
2884,1
2886,497
2887,87
2887,602
2888,999
2888,632
2888,349
2888,200
2889,1
2890,1
2891,27
2892,122
2892,980
2894,677
2895,184
2895,16
2895,820
2896,2126
2896,315
2896,1066
2896,8
2896,712
2896,93
2896,1374
2896,1265
2898,185
